REGISTRATION,TYPE,ON BLOCK,OFF BLOCK,PARKING STAND,FROM,TO,ARR,DEP,OPERATOR / AIRLINES,CATEGORY
PK-LZH,A 320,7:43,9:12,A3,WIBB,WADD,ID 7066,ID 7309,BATIK AIR,Komersial
N-28ZD,GLEX,5:00,6:49,B4,EX RON,WALL,,,JAS,CHARTER
PK-LAJ,A 320,2:33,5:48,SA02,EX RON,B9,,,BATIK AIR,Komersial
PK-TVM,ATR 72,4:25,5:20,B6,HGR,WAAA,,,TRAVIRA,CHARTER
PK-MGZ,B 733,4:59,5:53,B13,WSSS,WALL,GM 019,GM 061,TRI MG,cargo
PK-NMI,B 733,4:56,8:23,B12,WAAA,WAOO,,,AIRNESIA,cargo
PK-KAS,CL 850,5:30,7:55,B5,SA14,WMSA,,,JETSET,CHARTER
PK-LAJ,A 320,5:55,6:57,B9,SA02,WARA,-,ID 7581,BATIK AIR,Komersial
PK-LAZ,A 320,6:13,8:28,B3,WARR,WAHI,ID 7508,ID 7533,BATIK AIR,Komersial
PK-LAI,A 320,6:37,7:11,B8,SA20,B4,,,BATIK AIR,Komersial
T7-808,G VI,6:45,7:47,B7,HGR,WSSL,,,KARISMA,CHARTER
PK-BBJ,B 734,6:57,11:36,B11,SA18,WIOO,,0B 5611,B. B. N.,cargo
PK-YRD,B 733,6:58,8:59,B9,WALL,WIKK,IL 728,IL 715,TRIGANA,cargo
PK-YST,B 733,7:26,9:10,B13,WAMM,WAGG,IL 730,IL 713,TRIGANA,cargo
PK-LAI,A 320,7:12,9:41,B4,B8,WAHS,,ID 7557,BATIK AIR,Komersial
PK-VVO,C 208,7:46,8:18,A0,WICN,WICN,SI 235,SI 234,SUSI AIR,Komersial
PK-LUZ,A 320,8:33,9:24,B7,WARR,WARR,ID 7510,ID 7517,BATIK AIR,Komersial
PK-GJT,ATR 72,9:04,9:45,B2,WAHH,WAHH,QG 1101,QG 1104,CITILINK,Komersial
PK-GTD,A 320,8:59,10:43,B1,WARR,WAHI,QG 0175,QG 0102,CITILINK,Komersial
VP-CWZ,G V,9:12,10:27,B5,WSSL,WSSL,,,KARISMA,CHARTER
PK-YSH,B 733,9:10,12:13,B12,WIDN,WAGG,IL 7181,IL 7131,TRIGANA,cargo
PK-GTE,A 320,9:52,10:53,B2,WARR,WIPP,QG 0171,QG 0088,CITILINK,Komersial
PK-LAJ,A 320,10:16,11:12,A3,WARA,WARA,ID 7580,ID 7583,BATIK AIR,Komersial
PK-BKR,A 320,10:20,12:00,A2,WIPP,WIMM,ID 7054,ID 7011,BATIK AIR,Komersial
PK-GQI,A 320,11:24,12:37,B1,WIMN,WARA,QG 0021,QG 0164,CITILINK,Komersial
PK-GFI,B 738,11:56,12:43,B2,WIMM,WARR,GA 0181,GA 0330,GARUDA,Komersial
PK-VVO,C 208,10:44,11:59,A0,WICN,WICN,SI 205,SI 204,SUSI AIR,Komersial
PK-LAZ,A 320,11:35,12:29,A1,WAHI,WARR,ID 7540,ID 7515,BATIK AIR,Komersial
PK-BKT,A 320,11:46,12:39,A3,WAHQ,WAHI,ID 7040,ID 7539,BATIK AIR,Komersial
PK-THT,ATR 42,11:29,11:42,B6,WAAA,HGR,,,IAT,CHARTER
PK-BKU,A 320,12:14,13:09,B5,WARR,WIPP,ID 7516,ID 7051,BATIK AIR,Komersial
PK-GJT,ATR 72,12:51,13;27,B1,WAHH,WAHH,QG 1103,QG 1102,CITILINK,Komersial
PK-LAI,A 320,12:20,13:53,A2,WAHS,WIEE,ID 7556,ID 7109,BATIK AIR,Komersial
PK-LUZ,A 320,13:01,13:45,B6,WARR,WARR,ID 7520,ID 7501,BATIK AIR,Komersial
PK-NMI,B 733,13:14,15:10,B11,WAOO,WIOO,,,AIRNESIA,cargo
PK-LZH,A 320,13:30,14:24,A1,WADD,WAHS,ID 7308,ID 7559,BATIK AIR,Komersial
PK-YST,B 733,13:37,14:56,B12,WAGG,WALL,IL 714,IL 727,TRIGANA,cargo
PK-GTE,A 320,13:48,14:29,B2,WIPP,WARR,QG 0089,QG 0174,CITILINK,Komersial
T7-777,BBJ,13:53,16:16,B4,OMDW,SA02,,,JIP,CHARTER
VP-CLL,EMB 135,13:32,15:22,B7,SA13,WAQQ,,,KARISMA,CHARTER
PK-GTD,A 320,14:23,16:00,B1,WAHI,WIMM,QG 0103,QG 0022,CITILINK,Komersial
PK-YRD,B 733,15:35,19:43,B13,WIDN,WAAA,IL 718,IL 723,TRIGANA,cargo
PK-LAJ,A 320,15:24,18:36,B9,WARA,WIBB,ID 7582,ID 7065,BATIK AIR,Komersial
PK-BKT,A 320,15:28,18:02,B7,WAHI,WIPP,ID 7538,ID 7055,BATIK AIR,Komersial
PK-GQI,A 320,15:42,,A1,WARA,,QG 0165,,CITILINK,Komersial
PK-BKU,A 320,15:54,,B8,WIPP,,ID 7052,,BATIK AIR,Komersial
PK-GFI,B 738,16:24,17:16,B2,WARR,WIEE,GA 0331,GA 0166,GARUDA,Komersial
PK-GJT,ATR 72,16;26,,B6,WAHH,,QG 1105,,CITILINK,Komersial
PK-LAZ,A 320,16:16,22:22,A2,WARR,SA15,ID 7514,,BATIK AIR,Komersial
PK-GQM,A 320,16:57,17:38,B1,WADD,WADD,QG 0195,QG 0194,CITILINK,Komersial
T7-187,EMB 135,18:51,20:11,B4,WAWP,B7,,,AFM,CHARTER
PK-LUZ,A 320,16:50,17:35,A3,WARR,WARR,ID 7512,ID 7519,BATIK AIR,Komersial
PK-YSH,B 733,17:05,,B12,WAGG,,IL 7141,,TRIGANA,cargo
PK-LZH,A 320,17:02,18:52,B10,WAHS,WARR,ID 7558,ID 7521,BATIK AIR,Komersial
PK-LAI,A 320,18:02,,A3,WIEE,,ID 7108,,BATIK AIR,Komersial
T7-777,BBJ,16:26,,SA02,B4,,,,JIP,CHARTER
PK-PAH,ATR 72,18:44,,B1,WIDM,,IP 7301,,PELITA,CHARTER
PK-BBJ,B 734,19:11,,B11,WIOO,,0B 5612,,B. B. N.,cargo
PK-GMY,B 738,19:48,,B2,WIEE,,GA 0163,,GARUDA,Komersial
PK-NMI,B 733,19:37,21:35,B10,WIOO,WAAA,,,AIRNESIA,cargo
PK-RTF,C 172,17:00,18:59,SA13,HGR,LOCAL,,,GENESA,CHARTER
T7-187,EMB 135,20:12,,B7,B4,,,,AFM,CHARTER
VP-CLL,EMB 135,20:38,21:02,B4,WAQQ,SA13,,,KARISMA,CHARTER
PK-YST,B 733,20:51,21:57,B13,WALL,WIMM,IL 728,IL 701,TRIGANA,cargo
PK-LUZ,A 320,21:00,22:07,B9,WARR,SA14,ID 7518,,BATIK AIR,Komersial
PK-GTD,A 320,21:19,,B3,WIMM,,QG 0025,,CITILINK,Komersial
PK-BKR,A 320,22:23,23:34,B5,WIMM,SA18,ID 7010,,BATIK AIR,Komersial
VP-CLL,EMB 135,21:12,,SA13,B4,,,,KARISMA,CHARTER
PK-RTF,C 172,21:42,21:47,SA14,LOCAL,HGR,,,GENESA,CHARTER
PK-LUZ,A 320,22:17,,SA14,B9,,,,BATIK AIR,Komersial
PK-LAZ,A 320,22:32,,SA15,A2,,,,BATIK AIR,Komersial
PK-BKR,A 320,23:44,,SA18,B5,,,,BATIK AIR,Komersial
PK-YST,B 733,5:08,6:44,B13,WIMM,WIKK,IL 702,IL 715,TRIGANA,cargo
PK-NMI,B 733,5:11,7:15,B10,WAAA,WIOO,,,AIRNESIA,cargo
PK-YRD,B 733,5:14,9:53,B9,WAMM,WAOO,IL 730,IL 725,TRIGANA,cargo
PK-LAF,A 320,6:16,10:49,B8,WARR,WAHQ,ID 7508,ID 7531,BATIK AIR,Komersial
T7-MEL,GLEX,7:05,8:50,B3,SA12,WSSL,,,PREMI,CHARTER
PK-LUT,A 320,7:42,9:47,A2,WALL,WAHS,ID 7270,ID 7557,BATIK AIR,Komersial
PK-LAJ,A 320,7:58,11:54,B7,WIBB,WIMM,ID 7066,ID 7011,BATIK AIR,Komersial
PK-BKT,A 320,8:15,11:20,A1,WIPP,WARA,ID 7056,ID 7583,BATIK AIR,Komersial
PK-BKU,A 320,9:12,10:02,B10,WARR,WARR,ID 7510,ID 7517,BATIK AIR,Komersial
PK-GJT,ATR 72,9:32,10:09,B1,WAHH,WAHH,QG 1101,QG 1104,CITILINK,Komersial
PK-YSH,B 733,9:51,13:10,B12,WAGG,WAGG,IL 7141,IL 713,TRIGANA,cargo
PK-BON,G IV,8:25,9:35,B6,SA09,WAMP,,,JETSET,CHARTER
PK-GTD,A 320,9:38,11:00,B2,WARR,WAHI,QG 0175,QG 0102,CITILINK,Komersial
T7-7HS,G VII,8:55,12:59,B4,WSSL,WIPP,,,JIP,CHARTER
PK-VVO,C 208,9:08,12:55,A0,WICC,WICC,SI 231,SI 230,SUSI AIR,Komersial
PK-GQM,A 320,10:13,10:57,A3,WARR,WIPP,QG 0171,QG 0088,CITILINK,Komersial
PK-GMY,B 738,11:48,12:37,B2,WIMM,WARR,GA 0181,GA 0330,GARUDA,Komersial
PK-GQI,A 320,11:42,12:58,B1,WIMN,WARA,QG 0021,QG 0164,CITILINK,Komersial
PK-YST,B 733,11:34,,B13,WIDN,,IL 718,,TRIGANA,cargo
PK-LAZ,A 320,10:35,12:37,A2,SA15,WAHI,-,ID 7539,BATIK AIR,Komersial
N-977JH,CT 680,10:38,12:44,B3,NSA08,WAAA,,,JIP,CHARTER
PK-TFS,EMB 135,11:29,14:03,B5,HGR,WAHS,,,IAT,CHARTER
PK-LUZ,A 320,11:29,13:00,A1,SA14,WIPP,-,ID 7051,BATIK AIR,Komersial
PK-NMI,B 733,11:55,14:48,B10,WAAA,WAOO,,,AIRNESIA,cargo
PK-LUT,A 320,12:34,13:38,A3,WAHS,WIEE,ID 7556,ID 7109,BATIK AIR,Komersial
PK-BKU,A 320,13:36,14:26,B8,WARR,WARR,ID 7520,ID 7501,BATIK AIR,Komersial
PK-GJT,ATR 72,13:20,13:50,B1,WAHH,WAHH,QG 1103,QG 1102,CITILINK,Komersial
PK-RJS,AW 139,12:48,13:10,SA09,KALIAGE,HGR,,,PREMI,CHARTER
PK-LAF,A 320,13:30,15:36,A2,WAHQ,WIPP,ID 7532,ID 7059,BATIK AIR,Komersial
T7-777,BBJ,12:56,13:44,B3,SA02,WAOC,,,JIP,CHARTER
VP-CGO,GLEX,13:23,13:58,B6,WICC,HGR,,,AFM,CHARTER
PK-GQM,A 320,13:50,14:31,B2,WIPP,WARR,QG 0089,QG 0174,CITILINK,Komersial
PK-LAI,A 320,14:21,15:48,B7,WADD,WADD,ID 7308,ID 7311,BATIK AIR,Komersial
PK-GTD,A 320,14:15,15:54,A3,WAHI,WIMM,QG 0103,QG 0022,CITILINK,Komersial
PK-BKT,A 320,14:45,18:43,B8,WARA,WIBB,ID 7582,ID 7065,BATIK AIR,Komersial
PK-BON,G IV,15:03,15:46,B4,WAMP,SA02,,,JETSET,CHARTER
PK-PAH,ATR 72,14:50,,A1,WIDM,,IP 7301,,PELITA,CHARTER
PK-LAZ,A 320,15:20,18:46,B1,WAHI,WIPP,ID 7538,ID 7055,BATIK AIR,Komersial
PK-LUZ,A 320,15:35,16:31,A2,WIPP,WARR,ID 7052,ID 7503,BATIK AIR,Komersial
PK-YRD,B 733,16:33,20:48,B11,WALL,WIMM,IL 728,IL 701,TRIGANA,cargo
T7-MEL,GLEX,16:42,17:07,B3,WSSL,SA09,,,PREMI,CHARTER
PK-GMY,B 738,16:28,17:33,B2,WARR,WIEE,GA 0331,GA 0166,GARUDA,Komersial
PK-GQI,A 320,16:18,,B9,WARA,,QG 0165,,CITILINK,Komersial
PK-JCO,PH 300,15:21,16:43,B6,HGR,WADD,,,PURAWISATA,CHARTER
T7-187,EMB 135,17:37,18:15,B4,WAWP,HGR,,,AFM,CHARTER
PK-GLU,A 320,16:56,17:38,A2,WADD,WADD,QG 0195,QG 0194,CITILINK,Komersial
PK-GJT,ATR 72,16:51,,A3,WAHH,,QG 1105,,CITILINK,Komersial
PK-YGR,HK 800,16:55,,NSA08,HGR,,,,TRI MG,cargo
T7-MEL,GLEX,17:14,,SA09,B3,,,,PREMI,CHARTER
N-977JH,CT 680,17:19,17:44,B4,WAAA,WADD,,,JIP,CHARTER
PK-YSH,B 733,17:33,,B12,WAGG,,IL 714,,TRIGANA,cargo
PK-BKU,A 320,18:01,18:50,B7,WARR,WALL,ID 7512,ID 7271,BATIK AIR,Komersial
PK-LUT,A 320,18:05,18:55,B2,WIEE,WARR,ID 7108,ID 7521,BATIK AIR,Komersial
PK-BBJ,B 734,18:29,,B10,WIOO,,0B 5612,,B. B. N.,cargo
PK-DJV,HK 900,18:35,19:10,B4,WADD,HGR,,,KARISMA,CHARTER
PK-LAF,A 320,18:52,20:39,A2,WIPP,B6,ID 7058,,BATIK AIR,Komersial
PK-NMI,B 733,19:05,21:32,B8,WAOO,WAAA,,,AIRNESIA,cargo
PK-GNG,B 738,19:18,,B2,WIEE,,GA 0163,,GARUDA,Komersial
PK-LUZ,A 320,19:53,21:02,B3,WARR,SA12,ID 7502,,BATIK AIR,Komersial
PK-LUO,A 320,20:17,,B7,WADD,,ID 7310,,BATIK AIR,Komersial
PK-MGZ,B 733,20:11,21:47,B4,WIII,WIMM,GM 002,GM 171,TRI MG,cargo
PK-BON,G IV,15:56,,SA02,B4,,,,JETSET,CHARTER
PK-LAF,A 320,20:43,,B6,A2,,,,BATIK AIR,Komersial
PK-LUZ,A 320,21:12,,SA12,B3,,,,BATIK AIR,Komersial
PK-GTD,A 320,21:20,,B1,WIMM,,QG 0025,,CITILINK,Komersial
PK-LAW,A 320,22:06,,A2,WIMM,,ID 7010,,BATIK AIR,Komersial
PK-TFS,EMB 135,22:01,22:21,B5,WAHS,HGR,,,IAT,CHARTER
PK-MGZ,B 733,4:56,6:25,B11,WSSS,WALL,GM 019,GM 061,TRI MG,cargo
PK-NMI,B 733,5:02,8:15,B8,WAAA,WAAA,,,AIRNESIA,cargo
PK-YRD,B 733,5:13,9:28,A1,WIMM,WAOO,IL 702,IL 725,TRIGANA,cargo
VP-CLL,EMB 135,4:52,7:10,B4,SA13,WIPB,,,KARISMA,CHARTER
PK-BVX,AVANTI,5:56,6:55,A0,NSA09,WICN,,,SUSI AIR,Komersial
T7-BAT,EMB 135,6:01,6:28,B5,WIII,HGR,,,PTN,CHARTER
PK-BLA,A 320,6:16,11:54,B12,WARR,WIMM,ID 7508,ID 7011,BATIK AIR,Komersial
T7-ARN,G VI,7:35,9:18,B3,HGR,WAGI,,DWC 009,PREMI,CHARTER
PK-VVO,C 208,7:35,8:10,A0,WICN,WICN,SI 235,SI 234,SUSI AIR,Komersial
PK-BKR,A 320,7:38,9:23,B5,SA16,WADD,,ID 7309,BATIK AIR,Komersial
PK-RJQ,C 172,7:38,8:38,B13,HGR,WIHI,,,PREMI,CHARTER
PK-BKT,A 320,7:46,8:41,B1,WIBB,WARR,ID 7066,ID 7513,BATIK AIR,Komersial
PK-LAZ,A 320,7:54,9:45,A3,WIPP,WAHS,ID 7056,ID 7557,BATIK AIR,Komersial
N-939SG,G VI,8:27,10:56,B4,HGR,WSSL,,TBJ 21,BIOMANTARA,CHARTER
HB-JKQ,G VI,8:46,10:09,B8,WMSA,SA13,NUM 401,,SUBA AIR,CHARTER
PK-GJT,ATR 72,8:53,9:42,B2,WAHH,WAHH,QG 1101,QG 1104,CITILINK,Komersial
VN-A268,EMB 135,8:49,9:32,B13,HGR,WAHS,,,PREMI,CHARTER
PK-YST,B 733,9:22,13:24,B11,WIKK,WAMM,IL 716,IL 729,TRIGANA,cargo
PK-YSH,B 733,9:27,13:03,B10,WAGG,WAGG,IL 7141,IL 713,TRIGANA,cargo
PK-LUO,A 320,9:38,11:16,B3,B7,WARA,,ID 7583,BATIK AIR,Komersial
PK-GQN,A 320,9:58,10:55,B1,WARR,WIPP,QG 0171,QG 0088,CITILINK,Komersial
HB-JKQ,G VI,10:19,,SA13,B8,,,,SUBA AIR,CHARTER
PK-VVO,C 208,10:24,11:44,A3,WICN,WICN,SI 205,SI 204,SUSI AIR,Komersial
PK-LAW,A 320,11:28,13:29,A1,WAHI,WARR,ID 7540,ID 7501,BATIK AIR,Komersial
PK-GNG,B 738,11:36,12:33,B2,WIMM,WARR,GA 0181,GA 0330,GARUDA,Komersial
PK-GTD,A 320,11:38,12:24,B1,WIMN,WARA,QG 0021,QG 0164,CITILINK,Komersial
VP-CLL,EMB 135,12:05,12:36,B3,WIPB,SA16,,,KARISMA,CHARTER
VN-A268,EMB 135,11:41,12:00,B8,WAHS,HGR,,,PREMI,CHARTER
PK-LAF,A 320,11:52,12:37,B5,WAHQ,WAHI,ID 7040,ID 7539,BATIK AIR,Komersial
N-308KG,G V,12:09,13:13,B4,WSSL,WILL,,,AFM,CHARTER
N-977JH,CT 680,11:59,12:25,B6,WICC,NSA09,,,JIP,CHARTER
PK-BKT,A 320,12:13,13:02,A3,WARR,WIPP,ID 7516,ID 7051,BATIK AIR,Komersial
T7-ARN,G VI,12:20,13:30,B9,WAGI,HGR,DWC 009,,PREMI,CHARTER
PK-LAZ,A 320,12:24,13:37,A2,WAHS,WIEE,ID 7556,ID 7109,BATIK AIR,Komersial
PK-GJT,ATR 72,12:44,13:32,B1,WAHH,WAHH,QG 1103,QG 1102,CITILINK,Komersial
N-977JH,CT 680,12:35,,NSA09,B6,,,,JIP,CHARTER
VP-CLL,EMB 135,12:46,,SA16,B3,,,,KARISMA,CHARTER
N-308KB,G 280,12:56,13:30,B3,WMSA,WILL,,,AFM,CHARTER
PK-BBJ,B 734,13:03,17:09,B13,WIOO,SA19,0B 5612,,B. B. N.,cargo
PK-GQN,A 320,13:56,14:37,B2,WIPP,WARR,QG 0089,QG 0174,CITILINK,Komersial
PK-GQI,A 320,14:26,16:11,B1,WAHI,WIMM,QG 0103,QG 0022,CITILINK,Komersial
PK-BKR,A 320,14:36,,B8,WADD,,ID 7308,,BATIK AIR,Komersial
PK-YRD,B 733,14:40,16:45,B11,WAOO,WALL,IL 726,IL 727,TRIGANA,cargo
PK-LUO,A 320,14:45,16:01,B9,WARA,SA18,ID 7582,,BATIK AIR,Komersial
PK-NMI,B 733,15:10,16:51,B10,WAAA,WIOO,,,AIRNESIA,cargo
PK-JTX,BELL 407,14:45,14:56,B6,LIPPO,LIPPO,,,AIR PASIFIC,CHARTER
VN-A268,EMB 135,15:01,15:44,B7,HGR,VVTS,,,PREMI,CHARTER
PK-LAF,A 320,15:24,18:38,A1,WAHI,WIPP,ID 7538,ID 7055,BATIK AIR,Komersial
PK-BKT,A 320,15:48,16:37,B5,WIPP,WARR,ID 7052,ID 7503,BATIK AIR,Komersial
PK-GTD,A 320,15:50,16:40,B2,WARA,WARR,QG 0165,QG 0172,CITILINK,Komersial
PK-PAH,ATR 72,16:08,17:14,A2,WIDM,SA20,IP 7301,,PELITA,CHARTER
PK-GNG,B 738,16:27,17:48,B3,WARR,WIEE,GA 0331,GA 0166,GARUDA,Komersial
PK-GJT,ATR 72,16:35,,B1,WAHH,,QG 1105,,CITILINK,Komersial
PK-LUO,A 320,16:11,,SA18,B9,,,,BATIK AIR,Komersial
PK-LAW,A 320,16:51,18:32,B7,WARR,WIBB,ID 7512,ID 7065,BATIK AIR,Komersial
PK-GQU,A 320,17:03,17:53,B2,WADD,WADD,QG 0195,QG 0194,CITILINK,Komersial
PK-BLA,A 320,17:48,,B9,WIMM,,ID 7010,,BATIK AIR,Komersial
PK-LAZ,A 320,17:52,18:43,A3,WIEE,WARR,ID 7108,ID 7521,BATIK AIR,Komersial
PK-KAS,CL 850,17:58,18:33,B4,WMSA,SA21,CJS 31,,JETSET,CHARTER
PK-YSH,B 733,18:03,,B12,WAGG,,IL 714,,TRIGANA,cargo
PK-BBJ,B 734,17:19,,SA19,B13,,,,B. B. N.,cargo
PK-PAH,ATR 72,17:24,,SA20,A2,,,,PELITA,CHARTER
PK-MBA,B 733,18:08,21:28,B11,WAJJ,WIMM,GM 110,GM 171,TRI MG,cargo
PK-KAS,CL 850,18:43,,SA21,B4,,,,JETSET,CHARTER
PK-GUF,B 738,19:08,,B5,WIEE,,GA 0163,,GARUDA,Komersial
PK-BKT,A 320,19:50,23:42,A2,WARR,SA22,ID 7502,,BATIK AIR,Komersial
PK-GTD,A 320,20:05,,A3,WARR,,QG 0173,,CITILINK,Komersial
PK-CAN,KING AIR,20:15,20:40,B6,WAHP,WIRR,,,DEPHUB,CHARTER
PK-NMI,B 733,20:48,22:05,B10,WIOO,WAAA,,,AIRNESIA,cargo
PK-YRD,B 733,21:58,,B13,WALL,,IL 728,,TRIGANA,cargo
PK-GQI,A 320,22:05,,B2,WIMM,,QG 0025,,CITILINK,Komersial
PK-JCO,PH 300,21:42,21:58,B4,WADD,HGR,,,PURAWISATA,CHARTER
PK-YST,B 733,22:35,,B11,WAEE,,IL 754,,TRIGANA,cargo
PK-BKT,A 320,23:52,,SA22,A2,,,,BATIK AIR,Komersial
N-38SV,LJ 60,3:25,6:37,B4,NSA10,WAWW,,,BGS,CHARTER
PK-RJT,CT 560,4:17,6:18,B3,HGR,WARR,,,PREMI,CHARTER
PK-NMI,B 733,4:20,8:25,B11,WAAA,WAAA,,,AIRNESIA,cargo
PK-LUU,A 320,5:34,6:49,A3,SA16,WARA,,ID 7581,BATIK AIR,Komersial
PK-LUT,A 320,6:07,9:12,A1,WARR,WADD,ID 7508,ID 7309,BATIK AIR,Komersial
PK-TFS,EMB 135,5:55,7:50,B7,HGR,WARR,,,IAT,CHARTER
PK-TWX,KING AIR,6:15,7:48,B5,HGR,WAHH,,,TRANSWISATA,CHARTER
VP-CGO,GLEX,6:15,8:25,B9,HGR,WIII,,,AFM,CHARTER
PK-LUZ,A 320,6:17,8:40,B1,SA14,WAHQ,-,ID 7041,BATIK AIR,Komersial
VP-CLL,EMB 135,6:30,8:30,B3,SA02,WIEE,,,KARISMA,CHARTER
PK-BBJ,B 734,7:13,9:05,B13,SA04,WIOO,-,0B 5611,B. B. N.,cargo
PK-RTF,C 172,6:45,8:02,SA16,HGR,WAHL,,,GENESA,CHARTER
PK-LAJ,A 320,7:58,9:18,A2,WIPP,WARR,ID 7056,ID 7517,BATIK AIR,Komersial
PK-LAM,A 320,8:08,9:22,B6,WIBB,WAHS,ID 7066,ID 7557,BATIK AIR,Komersial
N-977JH,CT 680,8:15,10:22,B4,WAAA,NSA10,,,JIP,CHARTER
PK-LAF,A 320,8:28,9:55,A3,WARR,B8,ID 7510,,BATIK AIR,Komersial
PK-GJT,ATR 72,9:05,10:15,B2,WAHH,WAHH,QG 1101,QG 1104,CITILINK,Komersial
PK-YRD,B 733,9:12,12:02,B10,WAMM,WIKK,IL 730,IL 715,TRIGANA,cargo
PK-GTD,A 320,9:25,10:45,B1,WARR,WAHI,QG 0175,QG 0102,CITILINK,Komersial
N-198RL,G V,8:18,10:53,B7,HGR,WSSL,,,TRAVIRA,CHARTER
PK-MBA,B 733,8:48,12:50,B12,WIMM,SA02,GM 172,,TRI MG,cargo
PK-YSH,B 733,10:25,13:34,B13,WAGG,WAGG,IL 7141,IL 713,TRIGANA,cargo
PK-GQL,A 320,10:32,11:03,B2,WARR,WIPP,QG 0171,QG 0088,CITILINK,Komersial
PK-VVO,C 208,9:35,10:30,A0,WICC,WICN,SI 231,SI 234,SUSI AIR,Komersial
PK-LUU,A 320,10:40,11:27,A2,WARA,WARA,ID 7580,ID 7583,BATIK AIR,Komersial
B-6738,A 320,9:48,10:40,BASE OPS,VDPP,SA04,,,GAPURA,CHARTER
PK-BLA,A 320,10:48,12:28,A1,WIPP,WARR,ID 7054,ID 7515,BATIK AIR,Komersial
PK-LAF,A 320,10:15,13:28,B8,A3,WIMM,,ID 7011,BATIK AIR,Komersial
N-977JH,CT 680,10:32,23:31,NSA10,B4,B4,,,JIP,CHARTER
PK-RJT,CT 560,11:22,11:34,B3,WARR,HGR,,,PREMI,CHARTER
PK-GQI,A 320,11:39,12:27,B1,WIMN,WARA,QG 0021,QG 0164,CITILINK,Komersial
B-6738,A 320,11:00,,SA04,BASE OPS,,,,GAPURA,CHARTER
T7-889,EMB 135,12:08,12:29,B4,WADD,WIII,,,AFM,CHARTER
PK-LUZ,A 320,11:50,12:37,B5,WAHQ,WAHI,ID 7040,ID 7539,BATIK AIR,Komersial
PK-GMU,B 738,12:18,13:15,B2,WIMM,WARR,GA 0181,GA 0330,GARUDA,Komersial
PK-BKU,A 320,13:33,14:34,A2,WARR,WIPP,ID 7516,ID 7051,BATIK AIR,Komersial
PK-LAM,A 320,12:59,13:38,A3,WAHS,WARR,ID 7556,ID 7501,BATIK AIR,Komersial
PK-TFS,EMB 135,13:03,13:19,B4,WARR,HGR,,,IAT,CHARTER
PK-GJT,ATR 72,13:57,14:23,B1,WAHH,WAHH,QG 1103,QG 1102,CITILINK,Komersial
PK-LAJ,A 320,14:28,15:15,A1,WARR,WIEE,ID 7520,ID 7109,BATIK AIR,Komersial
PK-LUT,A 320,14:22,15:18,B7,WADD,WAHS,ID 7308,ID 7559,BATIK AIR,Komersial
PK-VVO,C 208,13:05,13:45,A0,WICN,WICC,SI 235,SI 230,SUSI AIR,Komersial
PK-GQL,A 320,14:32,15:10,B2,WIPP,WARR,QG 0089,QG 0174,CITILINK,Komersial
PK-MBA,B 733,13:00,21:42,SA02,B12,B13,,,TRI MG,cargo
PK-YST,B 733,14:33,17:14,B12,WAOO,WIOO,IL 726,IL 741,TRIGANA,cargo
PK-BBJ,B 734,14:50,16:39,B13,WIOO,SA13,0B 5612,,B. B. N.,cargo
VP-CWZ,G V,14:01,15:46,B4,SA13,WSSL,,,KARISMA,CHARTER
PK-GTD,A 320,14:38,16:02,A3,WAHI,WIMM,QG 0103,QG 0022,CITILINK,Komersial
PK-LUU,A 320,15:20,22:15,B9,WARA,SA02,ID 7582,,BATIK AIR,Komersial
PK-LUZ,A 320,15:34,18:22,A2,WAHI,WAHI,ID 7538,ID 7541,BATIK AIR,Komersial
PK-TWX,KING AIR,15:47,16:12,B1,WAHH,HGR,,,TRANSWISATA,CHARTER
PK-NMI,B 733,15:10,16:27,B11,WAAA,WAOO,,,AIRNESIA,cargo
N-198RL,G V,15:27,15:41,B8,WSSL,HGR,,,TRAVIRA,CHARTER
PK-GQI,A 320,15:49,,A1,WARA,,QG 0165,,CITILINK,Komersial
PK-BLA,A 320,16:02,20:00,B8,WARR,WIPP,ID 7514,ID 7055,BATIK AIR,Komersial
PK-GLG,A 320,17:06,17:48,B1,WADD,WADD,QG 0195,QG 0194,CITILINK,Komersial
PK-GMU,B 738,17:17,18:15,B2,WARR,WIEE,GA 0331,GA 0166,GARUDA,Komersial
PK-PAH,ATR 72,17:55,18:20,B5,WIDM,A3,IP 7301,,PELITA,CHARTER
N-38SV,LJ 60,16:38,17:18,B4,WAWW,NSA12,,,AMM,CHARTER
PK-BBJ,B 734,17:00,,SA13,B13,,,,B. B. N.,cargo
PK-YSH,B 733,17:45,,B11,WAGG,,IL 714,,TRIGANA,cargo
PK-GJT,ATR 72,17:35,,B3,WAHH,,QG 1105,,CITILINK,Komersial
PK-YRD,B 733,18:04,21:17,B13,WIDN,WAAA,IL 718,IL 723,TRIGANA,cargo
PK-LAM,A 320,17:48,18:32,B6,WARR,WARR,ID 7512,ID 7519,BATIK AIR,Komersial
PK-LUT,A 320,17:42,18:38,B4,WAHS,WIBB,ID 7558,ID 7065,BATIK AIR,Komersial
PK-BKU,A 320,18:00,,B10,WIPP,,ID 7052,,BATIK AIR,Komersial
PK-YST,B 733,18:35,23:09,B12,RTB,WIMM,IL 741R,IL 701,TRIGANA,cargo
PK-PAH,ATR 72,18:27,,A3,B5,,,,PELITA,CHARTER
PK-GMW,B 738,19:26,,B2,WIEE,,GA 0163,,GARUDA,Komersial
PK-LAJ,A 320,19:44,20:26,A2,WIEE,WARR,ID 7108,ID 7521,BATIK AIR,Komersial
PK-LAF,A 320,19:36,21:07,B6,WIMM,SA14,ID 7010,,BATIK AIR,Komersial
N-38SV,LJ 60,17:28,,NSA12,B4,,,,B. G. S.,CHARTER
PK-LUZ,A 320,20:40,,B7,WAHI,,ID 7530,,BATIK AIR,Komersial
PK-GTD,A 320,21:16,,B1,WIMM,,QG 0025,,CITILINK,Komersial
PK-NMI,B 733,20:57,,B8,WAOO,,,,AIRNESIA,cargo
PK-LAM,A 320,21:42,,A2,WARR,,ID 7518,,BATIK AIR,Komersial
PK-LAF,A 320,21:22,,SA14,B6,,,,BATIK AIR,Komersial
PK-TFS,EMB 135,21:38,23:37,B5,HGR,WAJJ,,,IAT,CHARTER
PK-KAS,CL 850,22:20,23:24,B4,YPPH,SA16,,,JETSET,CHARTER
PK-MBA,B 733,21:52,23:17,B13,SA02,WSSS,,GM 306,TRI MG,cargo
PK-LUU,A 320,22:25,,SA02,B9,,,,BATIK AIR,Komersial
PK-KAS,CL 850,23:30,,SA16,B4,,,,JETSET,CHARTER
N-977JH,CT 680,23:45,,B4,NSA10,,,,JIP,CHARTER
T7-TUN,HK 850,3:46,6:03,B6,,WSSL,,,,
N-227GV,L 1000,4:09,5:58,B9,,WSSL,,,PREMI,CHARTER
T7-ARN,G VI,4:20,6:23,RE01,,B2,,,PREMI,CHARTER
N-38SV,LJ 60,4:42,7:19,NSA11,,WADD,,,B. G. S.,CHARTER
T7-J3T,G V,4:58,6:16,RE02,,B3,,,PREMI,CHARTER
A-7306,B 735,-,5:50,BASE OPS,,WATC,-,IDAF 02,TNI AU,Militer
PK-YST,B 733,6:11,7:43,B12,,WIKK,IL 702,IL 7151,TRIGANA,cargo
PK-LUK,A 320,6:15,9:13,A3,,WIPP,ID 7508,ID 7053,BATIK AIR,Komersial
PK-MBA,B 733,6:20,7:46,B13,,WALL,GM 019,GM 061,TRI MG,cargo
PK-YRD,B 733,7:03,9:38,B11,,WAOO,IL 730,IL 725,TRIGANA,cargo
T7-J3T,G V,6:18,7:32,B3,,WALL,,,PREMI,CHARTER
T7-ARN,G VI,6:26,8:04,B2,,WAGI,,DWC 009,PREMI,CHARTER
PK-LUU,A 320,6:47,9:38,A1,,WAHQ,,ID 7041,BATIK AIR,Komersial
PK-LUT,A 320,7:55,9:56,B5,,WAHS,ID 7066,ID 7557,BATIK AIR,Komersial
PK-BLA,A 320,8:39,9:44,A2,,WADD,ID 7056,ID 7309,BATIK AIR,Komersial
T7-808,G VI,8:23,9:01,B4,,WALL,,,KARISMA,CHARTER
PK-BVX,AVANTI,7:50,8:41,B8,,WIKK,,,SUSI AIR,Komersial
N-705HM,G 500,8:49,10:17,B7,,WAHI,,,KARISMA,CHARTER
PK-VVO,C 208,8:13,8:55,A0,,WICN,SI 205,SI 234,SUSI AIR,Komersial
PK-GJT,ATR 72,8:52,9:44,B1,,WAHH,QG 1101,QG 1104,CITILINK,Komersial
T7-BAT,EMB 135,8:49,9:49,B6,,WAHS,,,,
PK-KAS,CL 850,8:57,10:00,B3,,WAMP,,CJS 31,JETSET,CHARTER
PK-GTD,A 320,9:19,11:05,A3,,WIPP,QG 0175,QG 0088,CITILINK,Komersial
PK-YSH,B 733,9:54,15:08,B13,,WAGG,IL 7141,IL 713,TRIGANA,cargo
PK-GLV,A 320,10:04,10:43,B1,,WAHI,QG 0171,QG 0102,CITILINK,Komersial
PK-LAJ,A 320,10:32,11:15,A2,,WARR,ID 7510,ID 7517,BATIK AIR,Komersial
PK-LAM,A 320,10:42,13:44,B7,,WIMM,ID 7580,ID 7011,BATIK AIR,Komersial
PK-YST,B 733,11:14,14:23,B11,,WIKK,IL 7161,IL 715,TRIGANA,cargo
PK-GQI,A 320,11:34,12:25,B1,,WARA,QG 0021,QG 0164,CITILINK,Komersial
PK-NMI,B 733,11:48,15:11,B12,,WALL,,,AIRNESIA,cargo
PK-LUK,A 320,11:50,12:49,B8,,B1,ID 7054,,BATIK AIR,Komersial
PK-GMW,B 738,11:56,12:47,B4,,WARR,GA 0181,GA 0330,GARUDA,Komersial
VP-CLL,EMB 135,12:09,12:36,B3,,SA19,,,KARISMA,CHARTER
PK-LUT,A 320,12:20,15:00,A3,,WIEE,ID 7556,ID 7109,BATIK AIR,Komersial
PK-BKU,A 320,13:28,14:38,A2,,WIPP,ID 7516,ID 7051,BATIK AIR,Komersial
PK-LUU,A 320,13:18,14:22,A1,,WAHI,ID 7040,ID 7539,BATIK AIR,Komersial
PK-OCI,DHC 6,12:10,,SA02,,,,,AIRFAST,CHARTER
PK-OCF,DHC 6,12:10,,SA03,,,,,AIRFAST,CHARTER
PK-GJT,ATR 72,13:59,14:49,B2,,WAHH,QG 1103,QG 1102,CITILINK,Komersial
VP-CLL,EMB 135,12:46,,SA19,,,,,KARISMA,CHARTER
PK-LUK,A 320,12:54,14:17,B1,,WAHS,,ID 7559,BATIK AIR,Komersial
N-38SV,LJ 60,13:36,14:21,B4,,NSA10,,,BGS,CHARTER
PK-LUH,A 320,14:12,15:17,B8,,WARR,ID 7520,ID 7501,BATIK AIR,Komersial
PK-MBA,B 733,14:29,15:38,B10,,SA16,GM 030,,TRI MG,cargo
PK-BVX,AVANTI,14:17,14:36,B6,,NSA11,,,SUSI AIR,Komersial
PK-GTD,A 320,14:35,15:25,A1,,WARR,QG 0089,QG 0174,CITILINK,Komersial
PK-GLV,A 320,14:47,15:54,B1,,WIMM,QG 0103,QG 0022,CITILINK,Komersial
PK-BLA,A 320,14:49,15:57,B7,,WADD,ID 7308,ID 7311,BATIK AIR,Komersial
PK-YRD,B 733,14:52,21:38,B11,,WAAA,IL 726,IL 723,TRIGANA,cargo
N-38SV,LJ 60,14:31,,NSA10,,,,,AMM,CHARTER
PK-BVX,AVANTI,14:46,,NSA11,,,,,SUSI AIR,Komersial
T7-HKG,PH 300,14:59,17:29,B3,,WSSL,,,PREMI,CHARTER
PK-GQI,A 320,15:55,,A2,,,QG 0165,,CITILINK,Komersial
PK-BBJ,B 734,16:07,17:59,B13,,WIOO,-,0B 5611,B. B. N.,cargo
PK-PAH,ATR 72,16:37,,A3,,,IP 7301,,PELITA,CHARTER
PK-GMW,B 738,16:31,17:25,B4,,WIEE,GA 0331,GA 0166,GARUDA,Komersial
PK-GQK,A 320,17:15,17:56,B1,,WADD,QG 0195,QG 0194,CITILINK,Komersial
PK-LAJ,A 320,17:02,19:58,B2,,WARR,ID 7512,ID 7521,BATIK AIR,Komersial
PK-LUU,A 320,16:52,20:00,B8,,WIPP,ID 7538,ID 7055,BATIK AIR,Komersial
PK-LAF,A 320,16:55,20:25,B7,,SA13,,,BATIK AIR,Komersial
PK-LUK,A 320,17:10,18:59,B5,,WIBB,ID 7558,ID 7065,BATIK AIR,Komersial
PK-MBA,B 733,15:48,20:05,SA16,,B12,,,TRI MG,cargo
T7-ARN,G VI,19:12,19:45,B3,,HGR,DWC009,,PREMI,CHARTER
PK-GJT,ATR 72,17:40,,A1,,,QG 1105,,CITILINK,Komersial
PK-BKU,A 320,17:25,18:37,B9,,WARR,ID 7052,ID 7503,BATIK AIR,Komersial
PK-LUT,A 320,18:52,20:50,B10,,SA14,ID 7108,,BATIK AIR,Komersial
PK-LAM,A 320,19:45,,B9,,,ID 7010,,BATIK AIR,Komersial
PK-GFS,B 738,19:30,,B6,,,GA 0163,,GARUDA,Komersial
PK-YST,B 733,19:52,,B13,,,IL 718,,TRIGANA,cargo
PK-BLA,A 320,20:15,,B8,,,ID 7310,,BATIK AIR,Komersial
T7-777,BBJ,20:10,21:15,B4,,SA16,,,JIP,CHARTER
T7-BAT,EMB 135,20:45,21:45,B5,,HGR,,,PTN,CHARTER
PK-MBA,B 733,20:15,21:52,B12,,WIMM,-,GM 171,TRI MG,cargo
PK-LAF,A 320,20:35,,SA13,,,,,BATIK AIR,Komersial
PK-NMI,B 733,20:42,22:40,B7,,WAAA,,,AIRNESIA,cargo
PK-GLV,A 320,21:15,,B1,,,QG 0025,,CITILINK,Komersial
PK-TFS,EMB 135,21:05,21:25,B3,,HGR,,,IAT,CHARTER
PK-LUT,A 320,21:00,,SA14,,,,,BATIK AIR,Komersial
T7-777,BBJ,21:25,,SA16,,,,,JIP,CHARTER
PK-BKU,A 320,21:50,,B10,,,ID 7502,,BATIK AIR,Komersial
PK-BON,G IV,22:08,23:15,B4,,SA21,,,JETSET,CHARTER
PK-BON,G IV,23:25,,SA21,,,,,JETSET,CHARTER
PK-NMI,B 733,5:10,7:30,B11,WAAA,WAOO,,,AIRNESIA,cargo
PK-MBA,B 733,5:22,6:30,B12,WSSS,WALL,GM 019,GM 061,TRI MG,cargo
PK-TFS,EMB 135,6:02,6:35,B5,HGR,B4,,,IAT,CHARTER
PK-BKT,A 320,6:10,7:25,A3,WARR,WIPP,ID 7508,ID 7053,BATIK AIR,Komersial
T7-ARN,G VI,6:28,7:54,B3,HGR,WAGI,,,PREMI,CHARTER
PK-TFS,EMB 135,6:36,8:06,B4,B5,WIMN,,,IAT,CHARTER
N-887WM,G VI,7:28,11:36,B5,WSSL,RJBB,,,KARISMA,CHARTER
PK-LUK,A 320,7:47,12:49,A1,WIBB,WAHI,ID 7066,ID 7539,BATIK AIR,Komersial
PK-YSH,B 733,7:57,15:09,B13,WAGG,WIKK,IL 714,IL 715,TRIGANA,cargo
VP-CWZ,G V,8:00,8:32,B3,WSSL,SA19,,,KARISMA,CHARTER
PK-LUU,A 320,8:07,9:19,A2,WIPP,WADD,ID 7056,ID 7309,BATIK AIR,Komersial
PK-LUT,A 320,7:52,9:53,B9,SA14,WAHS,,ID 7557,BATIK AIR,Komersial
PK-YRD,B 733,8:12,9:47,B12,WAMM,WAGG,IL 730,IL 7131,TRIGANA,cargo
PK-KAS,CL 850,8:40,9:13,B7,WAMP,WAMP,,,JETSET,CHARTER
PK-VVO,C 208,8:31,10:49,A0,WICN,WICC,SI 235,SI 230,SUSI AIR,Komersial
PK-LUI,A 320,8:55,9:41,A3,WARR,WARR,ID 7510,ID 7517,BATIK AIR,Komersial
PK-GJT,ATR 72,9:35,10:00,B1,WAHH,WAHH,QG 1101,QG 1104,CITILINK,Komersial
VP-CLL,EMB 135,8:26,9:56,B4,SA19,WADD,,,KARISMA,CHARTER
PK-GLV,A 320,9:47,10:44,B2,WARR,WAHI,QG 0175,QG 0102,CITILINK,Komersial
VP-CWZ,G V,8:42,,SA19,B4,,,,KARISMA,CHARTER
PK-BKT,A 320,10:29,11:17,A2,WIPP,WAHQ,ID 7054,ID 7531,BATIK AIR,Komersial
PK-GQE,A 320,10:33,11:26,A3,WARR,WIPP,QG 0171,QG 0088,CITILINK,Komersial
PK-SNF,C 208,10:22,10:54,B7,NSA09,WIHP,,,PTN,CHARTER
PK-BBJ,B 734,10:43,15:45,B11,WIOO,SA04,0B 5612,,B. B. N.,cargo
PK-MBA,B 733,11:10,22:18,B12,WALL,WIMM,GM 030,GM 171,TRI MG,cargo
HS-KCS,CT 750,10:57,11:23,B4,WADD,A2,,,BIOMANTARA,CHARTER
B-6738,A 320,10:14,12:41,BASEOPS,SA04,WPDL,,,GAPURA,CHARTER
PK-LAF,A 320,10:39,11:24,B10,SA13,WARA,,ID 7583,BATIK AIR,Komersial
T7-ARN,G VI,11:07,11:39,B3,WAGI,HGR,,,PREMI,CHARTER
PK-YST,B 733,11:52,13:55,B10,WIMM,WIOO,IL 702,IL 741,TRIGANA,cargo
PK-GQI,A 320,11:57,13:52,B1,WIMN,WARA,QG 0021,QG 0164,CITILINK,Komersial
PK-GFS,B 738,12:01,13:31,B2,WIMM,WARR,GA 0181,GA 0330,GARUDA,Komersial
PK-RJA,EMB 135,11:20,12:46,B7,HGR,B4,,,PREMI,CHARTER
HS-KCS,CT 750,11:26,13:01,A2,B4,NSA09,,,,
PK-NMI,B 733,12:14,15:21,B9,WAOO,WAGG,,,AIRNESIA,cargo
PK-BKU,A 320,12:19,13:23,A3,WARR,WIPP,ID 7516,ID 7051,BATIK AIR,Komersial
PK-LUT,A 320,12:56,14:23,B6,WAHS,WIMM,ID 7556,ID 7011,BATIK AIR,Komersial
PK-IDR,CL 850,12:07,13:59,B3,SA08,WSSL,,,PREMI,CHARTER
HS-KCS,CT 750,13:11,,NSA09,A2,,,,BIOMANTARA,CHARTER
PK-GJT,ATR 72,13:20,14:33,B5,WAHH,WAHH,QG 1103,QG 1102,CITILINK,Komersial
PK-RJA,EMB 135,12:50,14:07,B4,B7,WSSL,,,PREMI,CHARTER
PK-LUI,A 320,13:23,15:06,A1,WARR,WARR,ID 7520,ID 7501,BATIK AIR,Komersial
PK-BKT,A 320,14:00,14:58,A2,WAHQ,WAHS,ID 7532,ID 7559,BATIK AIR,Komersial
PK-LUU,A 320,14:06,15:03,A3,WADD,WIEE,ID 7308,ID 7109,BATIK AIR,Komersial
PK-GQE,A 320,14:25,15:11,B2,WIPP,WARR,QG 0089,QG 0174,CITILINK,Komersial
PK-GLV,A 320,14:19,15:53,B1,WAHI,WIMM,QG 0103,QG 0022,CITILINK,Komersial
PK-LAF,A 320,14:41,15:47,B7,WARA,WADD,ID 7582,ID 7311,BATIK AIR,Komersial
PK-YRD,B 733,15:27,20:25,B10,WAGG,WAAA,IL 7141,IL 723,TRIGANA,cargo
PK-OCK,DHC-6,14:53,14:56,SA08,WIKK,HGR,,,,
PK-LUK,A 320,15:32,16:50,A1,WAHI,WAHI,ID 7538,ID 7541,BATIK AIR,Komersial
PK-GQJ,A 320,16:57,17:46,B1,WADD,WADD,QG 0195,QG 0194,CITILINK,Komersial
PK-BKU,A 320,16:21,17:27,A2,WIPP,WARR,ID 7052,ID 7503,BATIK AIR,Komersial
T7-808,G VI,15:36,15:59,B5,BYAN,HGR,,,KARISMA,CHARTER
N-977JH,CT 680,15:40,18:30,B3,WAGD,WAAA,,,JIP,CHARTER
PK-KAS,CL 850,16:38,16:41,B6,WAMP,SA08,,,JETSET,CHARTER
PK-BBJ,B 734,15:55,,SA04,B11,,,,B. B. N.,cargo
PK-JCO,PH 300,15:54,16:05,B4,WATK,HGR,,,PURAWISATA,CHARTER
T7-HKG,PH 300,15:59,16:40,B2,WSSL,HGR,,,PREMI,CHARTER
PK-GQI,A 320,17:07,,A3,WARA,,QG 0165,,CITILINK,Komersial
PK-BLA,A 320,17:03,20:47,B5,WARR,WARR,ID 7514,ID 7521,BATIK AIR,Komersial
PK-GFS,B 738,17:11,18:05,B2,WARR,WIEE,GA 0331,GA 0166,GARUDA,Komersial
A-7306,B 735,16:26,,BASEOPS,WATT,,IDAF 02,,TNI AU,Militer
PK-GJT,ATR 72,17:30,18:09,A1,WAHH,WIPO,QG 1105,QG 1998,CITILINK,Komersial
PK-KAS,CL 850,16:51,,SA08,B6,,,,JETSET,CHARTER
PK-BKT,A 320,17:59,18:45,B1,WAHS,WARR,ID 7558,ID 7519,BATIK AIR,Komersial
T7-777,BBJ,17:25,19:36,B13,SA16,BASEOPS,,,JIP,CHARTER
PK-YST,B 733,18:23,19:58,B11,WIOO,WALL,IL 742,IL 727,TRIGANA,cargo
PK-LUI,A 320,18:27,19:14,B6,WARR,WIBB,ID 7512,ID 7065,BATIK AIR,Komersial
PK-GFX,B 738,19:03,,B2,WIEE,,GA 0163,,GARUDA,Komersial
PK-LUU,A 320,19:09,20:12,A1,WIEE,WIPP,ID 7108,ID 7055,BATIK AIR,Komersial
PK-PAH,ATR 72,19:58,,A2,WIDM,,IP 7301,,PELITA,CHARTER
PK-NMI,B 733,19:34,22:21,B8,WAGG,WAAA,,,AIRNESIA,cargo
PK-LUK,A 320,19:21,22:52,B7,WAHI,SA14,ID 7530,,BATIK AIR,Komersial
PK-LAW,A 320,20:02,21:08,B9,WIMM,SA13,ID 7010,,BATIK AIR,Komersial
PK-LAF,A 320,20:06,,B1,WADD,,ID 7310,,BATIK AIR,Komersial
T7-777,BBJ,19:46,22:24,BASEOPS,B13,OMDW,,,JIP,CHARTER
T7-J3T,G V,20:11,20:39,B3,WALL,HGR,,,PREMI,CHARTER
PK-BKU,A 320,20:42,,B10,WARR,,ID 7502,,BATIK AIR,Komersial
PK-GJT,ATR 72,21:03,,B6,WIPO,,QG 1999,,CITILINK,Komersial
PK-GLV,A 320,21:13,,A1,WIMM,,QG 0025,,CITILINK,Komersial
VP-CLL,EMB 135,21:24,,B4,WADD,,,,KARISMA,CHARTER
PK-LAW,A 320,21:18,,SA13,B9,,,,BATIK AIR,Komersial
PK-BKT,A 320,22:11,,B9,WARR,,ID 7518,,BATIK AIR,Komersial
PK-LUK,A 320,23:02,,SA14,B7,,,,BATIK AIR,Komersial
T7-187,EMB 135,22:43,,B3,HGR,,,,AFM,CHARTER
PK-BON,G IV,4:12,5:32,B7,SA19,WIII,-,CEO 54,JETSET,CHARTER
PK-NMI,B 733,4:32,8:10,B13,WAAA,WIOO,,,AIRNESIA,cargo
PK-BLA,A 320,6:13,7:10,B6,WARR,WIPP,ID 7508,ID 7053,BATIK AIR,Komersial
P-4301,BE 1900,6:18,7:35,B5,WIHP,WILL,,,POLICE,Militer
PK-MBA,B 733,6:24,7:40,B11,WSSS,WALL,GM 019,GM 061,TRI MG,cargo
PK-YRD,B 733,6:54,8:55,B12,WAMM,WIKK,IL 730,IL 715,TRIGANA,cargo
PK-YST,B 733,7:04,9:02,B10,WALL,WAOO,IL 728,IL 725,TRIGANA,cargo
PK-LUK,A 320,6:35,7:55,B7,SA14,B5,,,BATIK AIR,Komersial
PK-VVO,C 208,7:52,8:27,A0,WICN,WICN,SI 235,SI 234,SUSI AIR,Komersial
PK-LUU,A 320,8:06,9:18,A2,WIPP,WADD,ID 7056,ID 7309,BATIK AIR,Komersial
PK-LUI,A 320,8:25,9:14,A3,WIBB,WARR,ID 7066,ID 7513,BATIK AIR,Komersial
PK-LUK,A 320,7:56,8:45,B5,B7,WAHI,-,ID 7533,BATIK AIR,Komersial
T7-RSG,G V,8:10,11:08,B4,SA12,WSSL,,,KARISMA,CHARTER
PK-BKU,A 320,8:40,9:44,B8,WARR,WARR,ID 7510,ID 7517,BATIK AIR,Komersial
PK-GJT,ATR 72,9:00,9:48,B6,WAHH,WAHH,QG 1101,QG 1106,CITILINK,Komersial
PK-GLV,A 320,9:11,10:49,B2,WARR,WAHI,QG 0175,QG 0102,CITILINK,Komersial
PK-YSH,B 733,9:26,13:15,B11,WIDN,WIOO,IL 7181,IL 741,TRIGANA,cargo
PK-BLA,A 320,10:10,11:11,B9,WIPP,SA20,ID 7054,,BATIK AIR,Komersial
PK-GQE,A 320,10:05,10:58,B1,WARR,WIPP,QG 0171,QG 0088,CITILINK,Komersial
PK-BKT,A 320,10:18,11:09,A2,WARA,WARA,ID 7580,ID 7583,BATIK AIR,Komersial
PK-LAW,A 320,8:54,10:07,A1,SA13,WAHS,,ID 7557,BATIK AIR,Komersial
PK-VVO,C 208,11:00,11:46,A0,WICN,WICN,SI 205,SI 204,SUSI AIR,Komersial
PK-GQI,A 320,11:48,12:30,B1,WIMN,WARA,QG 0021,QG 0164,CITILINK,Komersial
PK-LUK,A 320,11:35,13:21,B7,WAHI,WIPP,ID 7540,ID 7051,BATIK AIR,Komersial
PK-GFX,B 738,11:56,12:50,B2,WIMM,WARR,GA 0181,GA 0330,GARUDA,Komersial
PK-BLA,A 320,11:21,,SA20,B9,,,,BATIK AIR,Komersial
PK-LAF,A 320,12:13,13:02,A1,WAHQ,WAHI,ID 7040,ID 7539,BATIK AIR,Komersial
PK-LAW,A 320,12:50,13:48,A2,WAHS,WIMM,ID 7556,ID 7011,BATIK AIR,Komersial
PK-MBA,B 733,12:25,22:34,B13,WALL,WIMM,GM 030,GM 171,TRI MG,cargo
PK-TFS,EMB 135,13:02,13:15,B5,WIMN,HGR,,,IAT,CHARTER
PK-NMI,B 733,12:45,14:06,B12,WIOO,WAGG,,,AIRNESIA,cargo
PK-GJT,ATR 72,13:10,13:44,A3,WAHH,WAHH,QG 1103,QG 1102,CITILINK,Komersial
HS-KCS,CT 750,12:32,15:23,B4,NSA09,VTBD,,,BIOMANTARA,CHARTER
PK-LUI,A 320,13:08,14:17,B6,WARR,WIEE,ID 7516,ID 7109,BATIK AIR,Komersial
PK-BKU,A 320,13:26,14:18,A1,WARR,WARR,ID 7520,ID 7501,BATIK AIR,Komersial
PK-YST,B 733,13:46,16:16,B11,WAOO,WAGG,IL 726,IL 713,TRIGANA,cargo
PK-LUU,A 320,14:20,15:24,B7,WADD,WAHS,ID 7308,ID 7559,BATIK AIR,Komersial
PK-GQE,A 320,13:58,14:38,B2,WIPP,WARR,QG 0089,QG 0174,CITILINK,Komersial
PK-GLV,A 320,14:27,15:58,B1,WAHI,WIMM,QG 0103,QG 0022,CITILINK,Komersial
PK-BKT,A 320,14:35,15:33,A2,WARA,WADD,ID 7582,ID 7311,BATIK AIR,Komersial
PK-YRD,B 733,14:45,17:11,B12,WIDN,WIOO,IL 718,IL 743,TRIGANA,cargo
P-4301,BE 1900,14:54,15:52,B5,WILL,WIHP,,,POLICE,Militer
PK-GQI,A 320,16:09,16:44,B1,WARA,WARR,QG 0165,QG 0172,CITILINK,Komersial
PK-IDR,CL 850,15:30,15:45,B3,WIII,SA19,,,,
PK-LUS,A 320,16:05,18:07,B6,WAHI,WARR,ID 7538,ID 7519,BATIK AIR,Komersial
PK-LUK,A 320,16:19,17:00,A1,WIPP,WARR,ID 7052,ID 7503,BATIK AIR,Komersial
PK-GQK,A 320,16:54,17:44,A3,WADD,WADD,QG 0195,QG 0194,CITILINK,Komersial
PK-GFX,B 738,16:44,17:33,B2,WARR,WIEE,GA 0331,GA 0166,GARUDA,Komersial
PK-LUZ,A 320,17:21,19:30,B1,WARR,WARR,ID 7512,ID 7521,BATIK AIR,Komersial
PK-GJT,ATR 72,17:40,,A1,WAHH,,QG 1105,,CITILINK,Komersial
PK-LUT,A 320,18:49,,B8,WIMM,,ID 7010,,BATIK AIR,Komersial
F-RAFA,FAL 7X,17:00,18:14,B5,VVNB,SA12,,,JAS,CHARTER
PK-LUI,A 320,18:33,19:20,B2,WIEE,WIPP,ID 7108,ID 7055,BATIK AIR,Komersial
PK-LUU,A 320,17:54,19:01,A2,WAHS,WIBB,ID 7558,ID 7065,BATIK AIR,Komersial
PK-PAH,ATR 72,19:47,,A2,WIDM,,IP 7301,,PELITA,CHARTER
PK-NMI,B 733,18:43,22:46,B12,WAGG,WAAA,,,AIRNESIA,cargo
F-RAFA,FAL 7X,18:24,,SA12,B5,,,,JAS,CHARTER
PK-GFU,B 738,19:55,,B2,WIEE,,GA 0163,,GARUDA,Komersial
PK-RJA,EMB 135,18:57,19:25,B5,WADD,HGR,,,PREMI,CHARTER
PK-YST,B 733,20:08,22:29,B11,WAGG,WIMM,IL 714,IL 701,TRIGANA,cargo
PK-GQI,A 320,20:16,,B1,WARR,,QG 0173,,CITILINK,Komersial
PK-BKT,A 320,20:29,,B9,WADD,,ID 7310,,BATIK AIR,Komersial
PK-LUK,A 320,20:25,20:48,B3,WARR,SA14,ID 7502,,BATIK AIR,Komersial
PK-YSH,B 733,20:12,22:21,B10,WIOO,WAAA,IL 742,IL 723,TRIGANA,cargo
PK-IDR,CL 850,15:55,,SA19,B3,,,,PREMI,CHARTER
PK-LUS,A 320,21:19,,A3,WARR,,ID 7518,,BATIK AIR,Komersial
PK-GLV,A 320,21:32,,B3,WIMM,,QG 0025,,CITILINK,Komersial
PK-LUK,A 320,20:56,,SA14,B3,,,,BATIK AIR,Komersial
N-705HM,G 500,22:07,22:43,B7,WSSL,HGR,,,KARISMA,CHARTER
T7-ARN,G VI,3:10,5:02,B6,HGR,WAGI,,,PREMI,CHARTER
PK-MBA,B 733,5:08,6:23,B13,WSSS,WALL,GM 019,GM 061,TRI MG,cargo
N-977JH,CT 680,5:35,7:42,B3,NSA11,WAOC,,,JIP,CHARTER
PK-BVX,AVANTI,5:42,6:40,A0,NSA10,WIPB,,,SUSI AIR,Komersial
PK-GLV,A 320,-,5:52,A3,EX RON,WARR,-,QG 0170,CITILINK,Komersial
PK-DJV,HK 900,5:55,6:58,B10,HGR,B4,,,,
PK-LUQ,A 320,6:12,7:05,A1,WARR,WIPP,ID 7508,ID 7053,BATIK AIR,Komersial
PK-LUT,A 320,6:20,8:47,A2,SA11,WARR,,ID 7513,BATIK AIR,Komersial
PK-DJR,AW 169,6:32,7:22,B7,LOCAL,ZZZZ,,,KARISMA,CHARTER
PK-DJV,HK 900,7:02,8:41,B4,B10,WSSL,,,,
PK-YRD,B 733,7:35,9:56,B13,WALL,WAGG,IL 728,IL 7131,TRIGANA,cargo
PK-YST,B 733,7:40,9:06,B11,WAMM,WIDN,IL 730,IL 717,TRIGANA,cargo
PK-VVO,C 208,7:49,8:21,A0,WICN,WICN,SI 235,SI 234,SUSI AIR,Komersial
PK-LUS,A 320,7:53,8:52,A3,WIPP,WAHQ,ID 7056,ID 7041,BATIK AIR,Komersial
PK-LAW,A 320,7:56,9:31,A1,WIBB,WARR,ID 7066,ID 7517,BATIK AIR,Komersial
PK-BKT,A 320,8:00,9:46,B1,SA20,WAHS,-,ID 7557,BATIK AIR,Komersial
PK-LUW,A 320,8:41,9:39,B8,WARR,WADD,ID 7510,ID 7309,BATIK AIR,Komersial
PK-GJT,ATR 72,9:03,9:42,B2,WAHH,WAHH,QG 1101,QG 1104,CITILINK,Komersial
PK-GLV,A 320,9:14,10:46,A3,WARR,WAHI,QG 0175,QG 0102,CITILINK,Komersial
T7-GBS,EMB 135,8:52,11:50,B4,SA16,WSSL,,,,
PK-GQQ,A 320,9:46,10:51,A2,WARR,WIPP,QG 0171,QG 0088,CITILINK,Komersial
PK-LUQ,A 320,10:05,14:29,B8,WIPP,WAHS,ID 7054,ID 7559,BATIK AIR,Komersial
PK-BVX,AVANTI,9:36,9:57,B7,WIPB,NSA10,,,SUSI AIR,Komersial
PK-LAT,A 320,10:30,11:16,B5,WARA,WARA,ID 7580,ID 7583,BATIK AIR,Komersial
PK-JCO,PH 300,10:11,12:26,B6,HGR,WILL,,,PURAWISATA,CHARTER
PK-BVX,AVANTI,10:07,,NSA10,B7,,,,SUSI AIR,Komersial
PK-NMI,B 733,10:47,14:36,B11,WAAA,WAOO,,,AIRNESIA,cargo
PK-MBA,B 733,11:23,21:53,B13,WALL,WIMM,GM 030,GM 171,TRI MG,cargo
PK-VVO,C 208,10:38,11:24,A0,WICN,WICN,SI 205,SI 204,SUSI AIR,Komersial
PK-GQI,A 320,11:37,12:33,B1,WIMN,WARA,QG 0021,QG 0164,CITILINK,Komersial
PK-LUI,A 320,11:33,12:35,A1,WAHI,WARR,ID 7540,ID 7515,BATIK AIR,Komersial
PK-LUS,A 320,11:52,12:52,B5,WAHQ,WAHI,ID 7040,ID 7539,BATIK AIR,Komersial
PK-LUT,A 320,12:15,12:55,A2,WARR,WIPP,ID 7516,ID 7051,BATIK AIR,Komersial
PK-GMX,B 738,12:10,13:03,B2,WIMM,WARR,GA 0181,GA 0330,GARUDA,Komersial
PK-YSH,B 733,12:40,14:25,B12,WIMM,WIDD,IL 702,IL 719,TRIGANA,cargo
T7-ARN,G VI,12:00,12:49,B3,WAGI,HGR,,,PREMI,CHARTER
PK-BKT,A 320,12:32,13:34,B9,WAHS,WARR,ID 7556,ID 7501,BATIK AIR,Komersial
PK-GJT,ATR 72,12:50,13:26,B1,WAHH,SA14,QG 1103,QG 1102,CITILINK,Komersial
VP-CGO,GLEX,12:46,13:53,B10,WIII,,,,,
PK-LUP,A 320,17:51,,B9,WIII,,ID 7308,,BATIK AIR,Komersial
PK-LZV,B 737,17:40,18:22,A3,WAHI,WIMM,ID 7520,ID 7011,BATIK AIR,Komersial
PK-GQQ,A 320,16:51,17:31,B2,WIII,WARR,QG 0089,QG 0172,CITILINK,Komersial
VP-CGO,GLEX,14:03,,SA14,B10,,,,AFM,CHARTER
N-11UB,GLEX,14:36,16:10,B3,SA09,WSSS,,,,
PK-GLV,A 320,15:24,16:19,B1,WAHI,WARR,QG 0103,QG 0174,CITILINK,Komersial
PK-YST,B 733,17:31,18:57,B11,WIII,WIOO,IL 718,IL 741,TRIGANA,cargo
PK-YRD,B 733,15:34,16:57,B12,WAGG,WIKK,IL 7141,IL 715,TRIGANA,cargo
PK-LAT,A 320,15:43,16:31,A2,WARA,WADD,ID 7582,ID 7311,BATIK AIR,Komersial
PK-LUS,A 320,15:49,16:55,A1,WAHI,WIEE,ID 7538,ID 7109,BATIK AIR,Komersial
PK-LUT,A 320,15:52,16:39,A3,WIPP,WARR,ID 7052,ID 7503,BATIK AIR,Komersial
PK-GQI,A 320,15:55,16:36,B2,WARA,WIMM,QG 0165,QG 0022,CITILINK,Komersial
PK-LUI,A 320,16:22,19:08,B6,WARR,WIPP,ID 7514,ID 7055,BATIK AIR,Komersial
PK-GMX,B 738,16:31,17:26,B3,WARR,WIEE,GA 0331,GA 0166,GARUDA,Komersial
PK-PAH,ATR 72,17:44,19:39,A1,WIDM,SA09,IP 7301,,PELITA,CHARTER
PK-GQO,A 320,17:04,17:45,B1,WADD,WADD,QG 0195,QG 0194,CITILINK,Komersial
PK-BKT,A 320,17:35,20:20,B7,WARR,WARR,ID 7512,ID 7521,BATIK AIR,Komersial
PK-GJT,ATR 72,17:23,,A2,WAHH,,QG 1105,,CITILINK,Komersial
PK-LUQ,A 320,17:11,18:54,B8,WAHS,WIBB,ID 7558,ID 7065,BATIK AIR,Komersial
PK-DJV,HK 900,18:33,19:12,B4,WSSL,NSA11,,,KARISMA,CHARTER
PK-NMI,B 733,19:08,22:10,B12,WAOO,WAAA,,,AIRNESIA,cargo
T7-HNA,G IV,19:01,20:09,B5,WARR,SA11,,,AFM,CHARTER
PK-LUT,A 320,19:54,,B8,WARR,,ID 7502,,BATIK AIR,Komersial
PK-DJV,HK 900,19:22,,NSA11,B4,,,,KARISMA,CHARTER
PK-YSH,B 733,19:39,21:19,B11,WIDD,WAAA,IL 720,IL 723,TRIGANA,cargo
PK-YRD,B 733,20:00,22:03,B10,WIKK,WIMM,IL 716,IL 701,TRIGANA,cargo
PK-KAS,CL 850,19:35,20:53,B4,SA14,VHHH,,CEO31,JETSET,CHARTER
PK-PAH,ATR 72,19:49,,SA09,A1,,,,PELITA,CHARTER
PK-GFH,B 738,20:24,,B2,WIEE,,GA 0163,,GARUDA,Komersial
PK-LAT,A 320,20:39,23:05,A1,WADD,SA20,ID 7310,,BATIK AIR,Komersial
PK-GQQ,A 320,21:00,,B7,WARR,,QG 0173,,CITILINK,Komersial
N-11UB,GLEX,20:44,21:10,B6,WSSS,SA16,,,PTN,CHARTER
PK-LUS,A 320,21:07,,B1,WIEE,,ID 7108,,BATIK AIR,Komersial
PK-LUU,A 320,21:32,22:26,B6,WIMM,SA17,ID 7010,,BATIK AIR,Komersial
T7-HNA,G IV,20:19,,SA11,B5,,,,AFM,CHARTER
T7-HKG,PH 300,21:44,22:06,B3,WADD,HGR,,,PREMI,CHARTER
PK-GQI,A 320,22:07,,A3,WIMM,,QG 0025,,CITILINK,Komersial
N-11UB,GLEX,21:20,,SA16,B6,,,,PTN,CHARTER
PK-BON,G IV,21:27,,B4,SA17,,,,JETSET,CHARTER
PK-LUU,A 320,22:36,,SA17,B6,,,,BATIK AIR,Komersial
PK-LAT,A 320,23:15,,SA20,A1,,,,BATIK AIR,Komersial
PK-NMI,B 733,4:13,7:01,B10,WAAA,WIOO,,,AIRNESIA,cargo
PK-YRD,B 733,4:30,6:24,B11,WIMM,WALL,IL 704,IL 727,TRIGANA,cargo
PK-GJV,ATR 72,5:08,6:08,A1,WIII,SA17,QG 4200,,CITILINK,Komersial
VP-CLL,EMB 135,5:36,8:02,B4,SA17,WAHS,,,KARISMA,CHARTER
PK-RSS,EMB 135,5:56,8:02,B3,SA05,WAHL,,,PTN,CHARTER
PK-GJV,ATR 72,6:18,11:32,SA17,B4,A3,,,CITILINK,Komersial
PK-LUT,A 320,7:00,9:08,A3,B8,WADD,-,ID 7309,BATIK AIR,Komersial
PK-LUQ,A 320,7:42,8:38,A1,WIBB,WARR,ID 7066,ID 7513,BATIK AIR,Komersial
PK-LUI,A 320,8:00,10:42,B8,WIPP,WAHQ,ID 7056,ID 7531,BATIK AIR,Komersial
PK-BKT,A 320,8:35,9:38,A2,WARR,WAHS,ID 7510,ID 7557,BATIK AIR,Komersial
PK-YSH,B 733,8:40,10:05,B12,WAMM,WAGG,IL 730,IL 7131,TRIGANA,cargo
PK-GJT,ATR 72,8:50,9:45,B5,WAHH,WAHH,QG 1101,QG 1104,CITILINK,Komersial
T7-ARN,G VI,8:55,12:20,B3,HGR,WAGI,,,PREMI,CHARTER
PK-MBA,B 733,9:00,10:48,B13,WIMM,SA05,GM 172,,TRI MG,cargo
N-69HY,CT 525,9:08,11:32,B6,HGR,WSSL,,,PREMI,CHARTER
PK-GQO,A 320,10:00,10:45,B1,WARR,WIPP,QG 0171,QG 0088,CITILINK,Komersial
PK-YST,B 733,10:55,11:58,B11,WIOO,WIKK,IL 744,IL 715,TRIGANA,cargo
PK-MBA,B 733,10:58,19:35,SA05,B13,B12,,,TRI MG,cargo
N-2409K,HK 800,11:12,14:50,B5,NSA07,WAHH,,,AFM,CHARTER
PK-LUS,A 320,11:38,12:30,A2,WAHI,WARR,ID 7540,ID 7515,BATIK AIR,Komersial
PK-GQI,A 320,11:42,12:25,B1,WIMN,WARA,QG 0021,QG 0164,CITILINK,Komersial
PK-RJA,EMB 135,11:48,12:55,B6,WADD,SA17,,,PREMI,CHARTER
PK-GFH,B 738,11:52,12:43,B2,WIMM,WARR,GA 0181,GA 0330,GARUDA,Komersial
PK-GJV,ATR 72,11:48,15:00,A3,SA17,WAHH,-,QG 1102,CITILINK,Komersial
PK-LUQ,A 320,12:06,12:50,A1,WARR,WIPP,ID 7516,ID 7051,BATIK AIR,Komersial
PK-NMI,B 733,12:25,14:32,B13,WIOO,WAOO,,,AIRNESIA,cargo
PK-GJT,ATR 72,12:41,17:32,B7,WAHH,WIPO,QG 1103,QG 1998,CITILINK,Komersial
PK-YRD,B 733,12:30,14:45,B12,WALL,WAGG,IL 7281,IL 713,TRIGANA,cargo
PK-BKT,A 320,12:35,13:25,B6,WAHS,WIMM,ID 7556,ID 7011,BATIK AIR,Komersial
VP-CTC,G 7500,12:39,14:54,B3,HGR,WAHH,,,PREMI,CHARTER
PK-LAT,A 320,12:48,15:01,B8,SA18,WIEE,-,ID 7109,BATIK AIR,Komersial
PK-GQO,A 320,14:52,15:39,B1,WIPP,WARR,QG 0089,QG 0174,CITILINK,Komersial
PK-LAL,A 320,14:45,,B9,WADD,,ID 7308,,BATIK AIR,Komersial
PK-LUI,A 320,15:09,16:00,B4,WAHQ,WAHS,ID 7532,ID 7559,BATIK AIR,Komersial
PK-GQQ,A 320,15:19,15:58,B2,WAHI,WIMM,QG 0103,QG 0022,CITILINK,Komersial
PK-LUP,A 320,15:24,16:11,A2,WARA,WADD,ID 7582,ID 7311,BATIK AIR,Komersial
PK-YSH,B 733,15:28,17:10,B10,WAGG,WIOO,IL 7141,IL 741,TRIGANA,cargo
PK-TFS,EMB 135,14:23,16:04,B11,HGR,WARR,,,IAT,CHARTER
PK-RJA,EMB 135,13:00,13:30,SA17,B6,HGR,,,PREMI,CHARTER
N-61WX,G VI,15:15,15:40,B12,WSSL,SA18,,,KARISMA,CHARTER
PK-LUQ,A 320,15:43,19:35,A3,WIPP,WIPP,ID 7052,ID 7055,BATIK AIR,Komersial
PK-GQI,A 320,15:55,,B8,WARA,,QG 0165,,CITILINK,Komersial
T7-ARN,G VI,15:41,16:11,B3,WAGI,HGR,,,PREMI,CHARTER
N-61WX,G VI,15:46,,SA18,B12,,,,KARISMA,CHARTER
PK-LUS,A 320,16:10,16:55,B6,WARR,WAHI,ID 7514,ID 7541,BATIK AIR,Komersial
PK-GFH,B 738,16:26,,B2,WARR,,GA 0331,,GARUDA,Komersial
PK-GTA,A 320,17:02,17:58,B1,WADD,WADD,QG 0195,QG 0194,CITILINK,Komersial
PK-CAX,EC 135,16:47,16:54,B5,WILL,WIRR,,,DEPHUB,CHARTER
PK-YST,B 733,17:35,19:33,B13,WIDN,WALL,IL 718,IL 727D,TRIGANA,cargo
PK-GJV,ATR 72,18:22,,A1,WAHH,,QG 1105,,CITILINK,Komersial
PK-LUU,A 320,16:05,17:38,A1,SA15,WARR,-,ID 7519,BATIK AIR,Komersial
PK-YRD,B 733,18:54,21:50,B11,WAGG,WAAA,IL 714,IL 723,TRIGANA,cargo
PK-NMI,B 733,18:52,22:04,B10,WAOO,WAAA,,,AIRNESIA,cargo
PK-LUI,A 320,18:39,19:27,B5,WAHS,WIBB,ID 7558,ID 7065,BATIK AIR,Komersial
PK-BKT,A 320,18:43,21:07,B7,WIMM,SA05,ID 7010,,BATIK AIR,Komersial
N-977JH,CT 680,19:34,20:20,B4,WAAA,NSA07,,,JIP,CHARTER
PK-LAT,A 320,19:26,20:18,A2,WIEE,WARR,ID 7108,ID 7521,BATIK AIR,Komersial
PK-TFS,EMB 135,19:14,19:19,B4,WARR,HGR,,,IAT,CHARTER
PK-LUS,A 320,19:28,,B1,WAHI,,ID 7530,,BATIK AIR,Komersial
PK-LUP,A 320,20:27,21:28,B6,WADD,SA08,ID 7310,,BATIK AIR,Komersial
PK-MBA,B 733,19:44,21:36,B12,SA05,WIMM,,GM 171,TRI MG,cargo
PK-YSH,B 733,20:47,22:29,B13,WIOO,WIMM,IL 742,IL 701,TRIGANA,cargo
N-977JH,CT 680,20:30,,NSA07,B4,,,,JIP,CHARTER
PK-GJT,ATR 72,20:37,,B5,WIPO,,QG 1999,,CITILINK,Komersial
PK-GQQ,A 320,21:20,,A3,WIMM,,QG 0025,,CITILINK,Komersial
PK-PAH,ATR 72,21:31,,A2,SA08,,,,PELITA,CHARTER
PK-LAO,A 320,22:44,,B7,WARR,,ID 7518,,BATIK AIR,Komersial
PK-BKT,A 320,21:17,,SA05,B7,,,,BATIK AIR,Komersial
PK-LUP,A 320,21:38,,SA08,B6,,,,BATIK AIR,Komersial
T7-777,BBJ,3:30,5:55,B4,SA05,WSSL,,,JIP,CHARTER
N-977JH,CT 680,4:20,5:45,BASE OPS,B5,WSSL,,,JIP,CHARTER
PK-MBA,B 733,5:15,6:00,B11,WSSS,WALL,GM 019,GM 061,TRI MG,cargo
PK-LAL,A 320,6:18,7:02,A1,WARR,WIPP,ID 7508,ID 7053,BATIK AIR,Komersial
PK-LUS,A 320,6:20,8:36,B9,SA08,WAHI,-,ID 7533,BATIK AIR,Komersial
PK-BON,G IV,6:25,7:58,B6,SA18,WIEE,,,JETSET,CHARTER
PK-TFS,EMB 135,6:55,8:51,B3,HGR,WADD,,,IAT,CHARTER
PK-VVM,C 208,7:28,8:41,A1,WICN,WICN,SI 205,SI 234,SUSI AIR,Komersial
PK-LZH,A 320,7:49,8:48,B5,WIPP,WAHQ,ID 7056,ID 7041,BATIK AIR,Komersial
PK-LUQ,A 320,7:36,9:49,B7,SA07,WAHS,-,ID 7557,BATIK AIR,Komersial
PK-LUI,A 320,7:57,9:12,A2,WIBB,WADD,ID 7066,ID 7309,BATIK AIR,Komersial
PK-GJV,ATR 72,9:11,9:51,B2,WAHH,WAHH,QG 1101,QG 1104,CITILINK,Komersial
PK-LUH,A 320,8:10,9:32,A3,WARR,WARR,ID 7510,ID 7517,BATIK AIR,Komersial
PK-GQQ,A 320,9:18,10:44,A1,WARR,WAHI,QG 0175,QG 0102,CITILINK,Komersial
PK-CAQ,KING AIR,9:45,10:17,B1,WADD,WIRR,,,PTN,CHARTER
PK-RSS,EMB 135,8:16,8:57,B4,WAHL,WAHL,,,PTN,CHARTER
PK-GLS,A 320,9:50,10:50,A3,WARR,WIPP,QG 0171,QG 0088,CITILINK,Komersial
N-970NX,GLEX,,,SA05,,,,,PREMI,CHARTER
PK-LAO,A 320,10:23,11:18,A2,WARA,WARA,ID 7580,ID 7583,BATIK AIR,Komersial
PK-MBA,B 733,10:44,21:53,B12,WALL,WIMM,GM 030,GM 171,TRI MG,cargo
PK-LAL,A 320,10:38,12:31,B7,WIPP,WARR,ID 7054,ID 7515,BATIK AIR,Komersial
PK-YRD,B 733,11:08,14:00,B10,WAGG,WAGG,IL 714,IL 7131,TRIGANA,cargo
PK-YST,B 733,10:33,15:30,B11,SA17,WIOO,,IL 743,TRIGANA,cargo
PK-BVX,AVANTI,10:36,13:43,A0,NSA10,WICN,,,SUSI AIR,Komersial
N-705HM,G 500,10:50,12:05,B4,WAHI,WAHI,,,KARISMA,CHARTER
VP-CTC,G 7500,11:51,12:44,B5,WARR,HGR,,,PREMI,CHARTER
PK-GFX,B 738,11:55,12:49,B2,WIMM,WARR,GA 0181,GA 0330,GARUDA,Komersial
PK-GQI,A 320,11:39,12:31,A3,WIMN,WARA,QG 0021,QG 0164,CITILINK,Komersial
PK-LZH,A 320,11:47,12:52,B1,WAHQ,WAHI,ID 7040,ID 7539,BATIK AIR,Komersial
PK-LUS,A 320,11:58,13:46,A2,WAHI,WIPP,ID 7540,ID 7051,BATIK AIR,Komersial
PK-RSS,EMB 135,11:34,12:17,B8,WAHL,RE02,,,PTN,CHARTER
VP-CLL,EMB 135,11:30,12:25,B6,WAHL,RE03,,,KARISMA,CHARTER
PK-NMI,B 733,12:04,13:22,B13,WAAA,WAOO,,,AIRNESIA,cargo
PK-DJM,AW 169,11:53,12:31,WR01,WAHS,ARKO,,,KARISMA,CHARTER
PK-LUQ,A 320,12:30,14:25,A1,WAHS,WAHS,ID 7556,ID 7559,BATIK AIR,Komersial
PK-GJV,ATR 72,13:11,13:40,B2,WAHH,WAHH,QG 1103,QG 1102,CITILINK,Komersial
PK-BKR,A 320,12:43,14:05,B8,WARR,WIMM,ID 7516,ID 7011,BATIK AIR,Komersial
PK-LUH,A 320,13:03,14:05,B9,WARR,WARR,ID 7520,ID 7501,BATIK AIR,Komersial
PK-OTR,ATR 72,11:45,,RE01,SA13,,,,TAS,CHARTER
N-977JH,CT 680,12:00,12:31,BASE OPS,WSSL,B4,,,JIP,CHARTER
PK-RSS,EMB 135,12:27,,RE02,B8,,,,PTN,CHARTER
VP-CLL,EMB 135,12:35,,RE03,B6,,,,KARISMA,CHARTER
PK-LUI,A 320,13:41,14:51,A3,WADD,WIEE,ID 7308,ID 7109,BATIK AIR,Komersial
N-977JH,CT 680,12:41,13:08,B4,BASE OPS,WAOC,,,JIP,CHARTER
PK-GLS,A 320,13:49,14:38,B2,WIPP,WARR,QG 0089,QG 0174,CITILINK,Komersial
PK-GQQ,A 320,13:24,14:36,B1,WAHI,WAHI,QG 9112,QG 9113,CITILINK,Komersial
PK-PAH,ATR 72,15:51,,A1,WIDM,,IP 7301,,PELITA,CHARTER
PK-LAO,A 320,14:48,15:48,A2,WARA,WADD,ID 7582,ID 7311,BATIK AIR,Komersial
PK-LZH,A 320,15:47,16:27,A3,WAHI,WIPP,ID 7538,ID 7059,BATIK AIR,Komersial
T7-MEL,GLEX,15:07,16:55,B3,HGR,WSSL,,,PREMI,CHARTER
PK-GQI,A 320,15:55,16:39,B1,WARA,WIMM,QG 0165,QG 0022,CITILINK,Komersial
PK-LAL,A 320,16:28,,B8,WARR,,ID 7514,,BATIK AIR,Komersial
PK-GFX,B 738,16:48,17:57,B2,WARR,WIEE,GA 0331,GA 0166,GARUDA,Komersial
PK-GJV,ATR 72,16:53,,A2,WAHH,,QG 1105,,CITILINK,Komersial
PK-GLU,A 320,17:01,17:46,B1,WADD,WARR,QG 0195,QG 0172,CITILINK,Komersial
PK-LUS,A 320,16:45,18:09,B6,WIPP,WARR,ID 7052,ID 7503,BATIK AIR,Komersial
PK-LUQ,A 320,16:59,20:02,A3,WAHS,WIBB,ID 7558,ID 7065,BATIK AIR,Komersial
N-939AP,GLEX,17:09,20:09,B4,WSSL,RE06,,,BIOMANTARA,CHARTER
PK-LUH,A 320,17:52,,B9,WARR,,ID 7512,,BATIK AIR,Komersial
PK-YSH,B 733,17:29,21:21,B13,WIDN,WAAA,IL 718,IL 723,TRIGANA,cargo
VH-8PO,KING AIR,18:08,19:46,B7,WIMM,NSA10,,,KARISMA,CHARTER
PK-GQQ,A 320,17:55,18:38,B1,WAHI,WADD,QG 0103,QG 0194,CITILINK,Komersial
N-705HM,G 500,18:03,19:17,B5,WAHI,HGR,,,KARISMA,CHARTER
N-977JH,CT 680,18:14,20:31,B3,WAOC,NSA11,,,JIP,CHARTER
PK-BON,G IV,18:43,19:35,B6,WADD,RE04,,,JETSET,CHARTER
PK-TFS,EMB 135,18:54,19:20,B2,WADD,HGR,,,IAT,CHARTER
PK-BLA,A 320,19:01,20:27,B1,WIMM,WARR,ID 7010,ID 7521,BATIK AIR,Komersial
PK-LUI,A 320,19:10,20:24,B10,WIEE,WIPP,ID 7108,ID 7055,BATIK AIR,Komersial
PK-LZH,A 320,19:25,23:16,B5,WIPP,SA09,ID 7058,,BATIK AIR,Komersial
PK-GFV,B 738,19:38,,B2,WIEE,,GA 0163,,GARUDA,Komersial
PK-YRD,B 733,19:32,,B11,WIOO,,IL 742,,TRIGANA,cargo
PK-BON,G IV,19:40,,RE04,B6,,,,JETSET,CHARTER
PK-YST,B 733,20:07,22:15,B7,WIOO,WAAA,IL 744,IL 721,TRIGANA,cargo
PK-LAO,A 320,20:34,,A3,WADD,,ID 7310,,BATIK AIR,Komersial
PK-NMI,B 733,20:24,22:29,B6,WALL,B13,,,AIRNESIA,cargo
VH-8PO,KING AIR,19:56,,NSA10,B7,,,,KARISMA,CHARTER
PK-GJT,ATR 72,20:10,,RE05,SA16,,,,CITILINK,Komersial
N-939AP,GLEX,20:14,,RE06,B4,,,,BIOMANTARA,CHARTER
N-977JH,CT 680,20:41,,NSA11,B3,,,,JIP,CHARTER
T7-X14,G VI,20:48,22:26,B4,VTBD,RW01,,,AFM,CHARTER
PK-GLU,A 320,21:02,,B1,WARR,,QG 0173,,CITILINK,Komersial
PK-LUS,A 320,21:20,,B10,WARR,,ID 7502,,BATIK AIR,Komersial
PK-GQI,A 320,22:12,,B3,WIMM,,QG 0025,,CITILINK,Komersial
T7-X14,G VI,22:31,,RW01,B4,,,,AFM,CHARTER
PK-NMI,B 733,22:34,,B13,B6,,,,AIRNESIA,cargo
PK-GRD,BBJ 2,22:59,,B7,SA09,,,,PTN,CHARTER
PK-LZH,A 320,22:26,,SA09,B5,,,,BATIK AIR,Komersial
PK-MBA,B 733,4:53,5:59,B12,WSSS,WALL,GM 019,GM 061,TRI MG,cargo
PK-GRD,BBJ 2,5:16,7:00,BASEOPS,B7,WBSB,-,INA-01,PTN,CHARTER
PK-LUV,A 320,6:09,7:35,A2,WARR,WIPP,ID 7508,ID 7053,BATIK AIR,Komersial
VH-8PO,KING AIR,6:21,8:05,B8,NSA10,YBRM,,,KARISMA,CHARTER
PK-YST,B 733,6:22,8:49,B12,WAAA,WIOO,IL 722,IL 743,TRIGANA,cargo
PK-YSH,B 733,7:48,10:05,B11,WAMM,WIKK,IL 730,IL 715,TRIGANA,cargo
PK-LUQ,A 320,7:52,8:34,A1,WIBB,WAHI,ID 7066,ID 7533,BATIK AIR,Komersial
PK-LUI,A 320,8:11,9:15,A2,WIPP,WADD,ID 7056,ID 7309,BATIK AIR,Komersial
PK-VVM,C 208,8:56,10:53,A0,WICN,WICC,SI 235,SI 230,SUSI AIR,Komersial
PK-GJV,ATR 72,9:03,9:43,B1,WAHH,WAHH,QG 1101,QG 1104,CITILINK,Komersial
PK-LAL,A 320,8:53,9:50,A1,WARR,WARR,ID 7510,ID 7517,BATIK AIR,Komersial
EP-IGA,A 340,8:41,9:36,B5,OIII,SA13,IRAN 03,,GAPURA,CHARTER
EP-IGA,A 340,8:41,9:36,B6,OIII,SA13,IRAN 03,,GAPURA,CHARTER
PK-GQI,A 320,9:25,10:38,B2,WARR,WAHI,QG 0175,QG 0102,CITILINK,Komersial
PK-LZH,A 320,9:19,11:14,B9,SA07,WAHQ,-,ID 7531,BATIK AIR,Komersial
EP-IGA,A 340,9:46,,SA13,B5-B6,,,,GAPURA,CHARTER
PK-LUV,A 320,10:25,11:19,B8,WIPP,WARA,ID 7054,ID 7583,BATIK AIR,Komersial
PK-GTK,A 320,9:55,11:01,A2,WARR,WIPP,QG 0171,QG 0088,CITILINK,Komersial
PK-MBA,B 733,11:02,21:25,B12,WALL,WIMM,GM 030,GM 171,TRI MG,cargo
VP-CLL,EMB 135,9:59,,SA14,RE03,,,,KARISMA,CHARTER
PK-GLU,A 320,11:36,12:36,B1,WIMN,WARA,QG 0021,QG 0164,CITILINK,Komersial
PK-GFV,B 738,11:59,12:50,B2,WIMM,WARR,GA 0181,GA 0330,GARUDA,Komersial
T7-777,BBJ,11:30,12:47,B4,WSSL,SA17,,,JIP,CHARTER
PK-LAO,A 320,10:16,,B10,A3,,-,,BATIK AIR,Komersial
PK-YRD,B 733,11:43,14:40,B11,WAGG,WAGG,IL 714,IL 7131,TRIGANA,cargo
PK-LUQ,A 320,11:45,12:30,A3,WAHI,WARR,ID 7540,ID 7515,BATIK AIR,Komersial
T7-808,G VI,12:09,13:04,B3,WSSL,HGR,,,KARISMA,CHARTER
PK-LUH,A 320,12:18,13:12,A2,WARR,WIPP,ID 7516,ID 7051,BATIK AIR,Komersial
PK-YST,B 733,12:49,14:54,B13,WIOO,WALL,IL 744,IL 727,TRIGANA,cargo
PK-LUI,A 320,13:30,14:29,A3,WADD,WAHI,ID 7308,ID 7539,BATIK AIR,Komersial
PK-LUS,A 320,12:39,13:35,A1,WAHS,WIMM,ID 7556,ID 7011,BATIK AIR,Komersial
PK-GJV,ATR 72,13:02,13:42,B1,WAHH,WAHH,QG 1103,QG 1102,CITILINK,Komersial
PK-LAL,A 320,13:08,14:11,B6,WARR,WARR,ID 7520,ID 7501,BATIK AIR,Komersial
T7-777,BBJ,12:57,,SA17,B4,,,,JIP,CHARTER
PK-GTK,A 320,14:02,14:45,B1,WIPP,WARR,QG 0089,QG 0174,CITILINK,Komersial
PK-LZH,A 320,14:17,14:55,A2,WAHQ,WAHS,ID 7532,ID 7559,BATIK AIR,Komersial
PK-GQI,A 320,14:26,16:03,B2,WAHI,WIMM,QG 0103,QG 0022,CITILINK,Komersial
PK-BON,G IV,13:56,16:27,B4,RE04,WSSL,,,JETSET,CHARTER
PK-LUV,A 320,14:59,16:03,A1,WARA,WIEE,ID 7582,ID 7109,BATIK AIR,Komersial
N-977JH,CT 680,14:21,17:07,B7,NSA 11,WSSL,,,JIP,CHARTER
B-8160,G V,15:32,16:13,B3,ZSSS,RE03,,,AFM,CHARTER
PK-TVM,ATR 72,15:04,16:11,B8,WAMP,HGR,,,TRAVIRA,CHARTER
PK-GLU,A 320,16:31,,A2,WARA,,QG 0165,,CITILINK,Komersial
PK-YSH,B 733,16:34,19:05,B13,WIDN,WIOO,IL 718,IL 741,TRIGANA,cargo
PK-LUQ,A 320,16:47,17:30,A3,WARR,WADD,ID 7514,ID 7311,BATIK AIR,Komersial
PK-LUH,A 320,16:55,17:47,B6,WIPP,WARR,ID 7052,ID 7519,BATIK AIR,Komersial
PK-GRD,BBJ 2,15:46,16:28,BASEOPS,WBSB,B9,IDAF 01,,PTN,CHARTER
PK-GFV,B 738,16:58,18:50,B2,WARR,WIEE,GA 0331,GA 0166,GARUDA,Komersial
PK-GJV,ATR 72,17:05,17:45,B1,WAHH,WIPO,QG 1105,QG 1998,CITILINK,Komersial
PK-GQN,A 320,17:10,18:52,A1,WADD,WADD,QG 0195,QG 0194,CITILINK,Komersial
PK-LUI,A 320,17:16,,B8,WAHI,,ID 7538,,BATIK AIR,Komersial
PK-LAL,A 320,17:28,19:16,B7,WARR,WIPP,ID 7512,ID 7055,BATIK AIR,Komersial
PK-LZH,A 320,17:23,18:57,B5,WAHS,WIBB,ID 7558,ID 7065,BATIK AIR,Komersial
PK-GRD,BBJ 2,16:38,17:34,B9,BASEOPS,SA07,,,PTN,CHARTER
B-8160,G V,16:23,,RE03,B3,,,,AFM,CHARTER
PK-NMI,B 733,17:32,22:10,B11,WAOO,WAAA,,,AIRNESIA,cargo
PK-LUS,A 320,19:01,19:57,B9,WIMM,WARR,ID 7010,ID 7521,BATIK AIR,Komersial
PK-GRD,BBJ 2,17:44,,SA07,B9,,,,PTN,CHARTER
A39-007,A 330,18:28,20:06,BASEOPS,YPPH,SA15,ASY300,,GAPURA,CHARTER
PK-GMW,B 738,19:37,,B4,WIEE,,GA 0163,,GARUDA,Komersial
PK-LUV,A 320,20:20,,B7,WIEE,,ID 7108,,BATIK AIR,Komersial
PK-YST,B 733,21:00,22:45,B9,WALL,WAAA,IL 728,IL 723,TRIGANA,cargo
PK-GQI,A 320,21:10,,B2,WIMM,,QG 0025,,CITILINK,Komersial
PK-LUH,A 320,21:04,,A3,WARR,,ID 7518,,BATIK AIR,Komersial
PK-GJV,ATR 72,20:43,,B1,WIPO,,QG 1999,,CITILINK,Komersial
PK-BON,G IV,20:47,21:20,B5,WSSL,RW02,,,JETSET,CHARTER
PK-LUQ,A 320,21:42,,A1,WADD,",",ID 7310,,BATIK AIR,Komersial
N-977JH,CT 680,21:57,22:18,B3,WSSL,NSA10,,,JIP,CHARTER
PK-BON,G IV,21:23,,RW02,B5,,,,JETSET,CHARTER
A39-007,A 330,20:16,,SA15,BASEOPS,,,,GAPURA,CHARTER
N-977JH,CT 680,22:28,,NSA10,B3,,,,JIP,CHARTER
B-8160,G V,3:32,6:00,B5,RE03,WAEH,,,AFM,CHARTER
PK-NMI,B 733,4:07,8:07,B11,WAAA,,WAOO,,AIRNESIA,cargo
PK-MBA,B 733,4:55,5:55,B12,WSSS,WALL,GM 019,GM 061,TRI MG,cargo
PK-BMB,EMB 135,5:12,5:48,B9,YPDN,HGR,,,PTN,CHARTER
PK-BON,G IV,6:04,8:02,B3,RW02,WARR,,,JETSET,CHARTER
PK-BKJ,A 320,6:18,7:12,A3,WARR,WIPP,ID 7508,ID 7053,BATIK AIR,Komersial
PK-GJT,ATR 72,6:47,,A0,RE04,,,,CITILINK,Komersial
PK-TFS,EMB 135,6:59,9:19,B9,HGR,WMSA,,,IAT,CHARTER
PK-LAL,A 320,7:42,9:15,A2,WIPP,WADD,ID 7056,ID 7309,BATIK AIR,Komersial
PK-VVM,C 208,8:01,8:37,B1,WICN,WICN,SI 235,SI 234,SUSI AIR,Komersial
PK-LZH,A 320,7:57,8:36,A3,WIBB,WARR,ID 7066,ID 7513,BATIK AIR,Komersial
PK-TVM,ATR 72,8:08,10:43,B2,HGR,WIOM,,,TRAVIRA,CHARTER
PK-YSH,B 733,8:14,10:19,B12,WIOO,WAGG,IL 742,IL 713,TRIGANA,cargo
PK-YST,B 733,8:46,10:27,B13,WAMM,WIKK,IL 730,IL 715,TRIGANA,cargo
PK-LUH,A 320,8:59,9:43,A3,WARR,WARR,ID 7510,ID 7517,BATIK AIR,Komersial
PK-GJV,ATR 72,9:06,10:13,B3,WAHH,WAHH,QG 1101,QG 1104,CITILINK,Komersial
PK-GQI,A 320,9:22,10:50,B4,WARR,WIPP,QG 0175,QG 0088,CITILINK,Komersial
PK-GLS,A 320,9:55,10:38,B1,WARR,WAHI,QG 0171,QG 0102,CITILINK,Komersial
N-705HM,G 500,9:13,11:24,B6,HGR,WAHI,,,KARISMA,CHARTER
PK-BKJ,A 320,10:27,11:18,A2,WIPP,WARA,ID 7054,ID 7583,BATIK AIR,Komersial
A-7309,B 738,-,10:14,BASEOPS,EX RON,WIMK,-,,TNI AU,Militer
PK-GLU,A 320,11:40,12:35,A3,WIMN,WARA,QG 0021,QG 0164,CITILINK,Komersial
PK-GMW,B 738,11:52,12:42,B2,WIMM,WARR,GA 0181,GA 0330,GARUDA,Komersial
PK-GFR,B 738,10:41,13:27,B5,WIII,WAAA,GA 6321,GA 6320,GARUDA,Komersial
9M-VEV,AVANTI,12:11,13:22,B3,WMSA,NSA11,,,GAPURA,CHARTER
PK-LUV,A 320,11:34,13:14,B1,WAHQ,WIMM,ID 7040,ID 7011,BATIK AIR,Komersial
PK-LAO,A 320,11:48,12:39,A2,WAHI,WAHI,ID 7540,ID 7539,BATIK AIR,Komersial
PK-LZH,A 320,12:19,12:58,B7,WARR,WIPP,ID 7516,ID 7051,BATIK AIR,Komersial
PK-NMI,B 733,12:56,14:11,B11,WAOO,,,,AIRNESIA,cargo
PK-LUI,A 320,12:35,14:33,B6,WAHS,WAHS,ID 7556,ID 7559,BATIK AIR,Komersial
PK-LUH,A 320,12:53,13:40,B8,WARR,WARR,ID 7520,ID 7501,BATIK AIR,Komersial
PK-GJV,ATR 72,13:11,13:39,A3,WAHH,WAHH,QG 1103,QG 1102,CITILINK,Komersial
PK-LUG,A 320,13:21,14:15,A2,WADD,WIEE,ID 7308,ID 7109,BATIK AIR,Komersial
PK-GQI,A 320,13:34,14:31,B2,WIPP,,QG 0089,,CITILINK,Komersial
9M-VEV,AVANTI,13:32,,NSA11,B3,,,,GAPURA,CHARTER
N-11UB,GLEX,13:47,15:26,B3,SA11,WSSL,,,PTN,CHARTER
PK-TFS,EMB 135,14:42,14:59,B4,WMSA,HGR,,,IAT,CHARTER
PK-BKJ,A 320,14:54,15:45,B1,WARA,WADD,ID 7582,ID 7311,BATIK AIR,Komersial
PK-GLS,A 320,14:24,16:01,A2,WAHI,WIMM,QG 0103,QG 0022,CITILINK,Komersial
PK-YSH,B 733,15:00,16:24,B12,WAGG,WIOO,IL 714,IL 741,TRIGANA,cargo
PK-YRD,B 733,14:48,16:07,B13,WAGG,WAOO,IL 712,IL 725,TRIGANA,cargo
PK-LAO,A 320,15:43,19:10,B3,WAHI,WIPP,ID 7538,ID 7055,BATIK AIR,Komersial
PK-GLU,A 320,16:02,,B7,WARA,,QG 0165,,CITILINK,Komersial
PK-LZH,A 320,15:56,16:30,A3,WIPP,WARR,ID 7052,ID 7503,BATIK AIR,Komersial
PK-GMW,B 738,16:25,17:22,B2,WARR,WIEE,GA 0331,GA 0166,GARUDA,Komersial
PK-GQL,A 320,16:59,17:45,A2,WADD,WADD,QG 0195,QG 0194,CITILINK,Komersial
PK-YST,B 733,16:35,18:22,B11,WIDN,WALL,IL 718,IL 727,TRIGANA,cargo
PK-LUH,A 320,17:19,18:18,B1,WARR,WARR,ID 7512,ID 7519,BATIK AIR,Komersial
N-705HM,G 500,16:50,17:35,B4,WAHI,HGR,,,KARISMA,CHARTER
PK-LUI,A 320,17:34,18:51,B6,WAHS,WIBB,ID 7558,ID 7065,BATIK AIR,Komersial
PK-TVM,ATR 72,17:16,17:56,A3,WIDM,HGR,,,TRAVIRA,CHARTER
PK-LUG,A 320,18:17,19:20,B2,WIEE,WARR,ID 7108,ID 7521,BATIK AIR,Komersial
PK-PAH,ATR 72,19:12,21:05,A3,WIDM,RE03,IP 7301,,PELITA,CHARTER
PK-LUV,A 320,18:50,,B8,WIMM,,ID 7010,,BATIK AIR,Komersial
PK-NMI,B 733,19:18,21:25,B11,WIOO,WAAA,,,AIRNESIA,cargo
PK-GMX,B 738,20:00,,B2,WIEE,,GA 0163,,GARUDA,Komersial
PK-LZH,A 320,19:52,,A2,WARR,,ID 7502,,BATIK AIR,Komersial
N-977JH,CT 680,19:35,21:58,B4,NSA10,WAAA,,,JIP,CHARTER
PK-YSH,B 733,20:18,22:18,B12,WIOO,WAAA,IL 742,IL 723,TRIGANA,cargo
T7-MEL,GLEX,20:25,21:18,B3,WSSL,HGR,,,PREMI,CHARTER
PK-GLS,A 320,21:25,,B1,WIMM,,QG 0025,,CITILINK,Komersial
PK-YRD,B 733,21:18,22:32,B13,WAOO,WIMM,IL 726,IL 701,TRIGANA,cargo
PK-PAH,ATR 72,21:10,,RE03,A3,,,,PELITA,CHARTER
PK-LUH,A 320,21:55,,B9,WARR,,ID 7518,,BATIK AIR,Komersial
PK-BKQ,A 320,22:20,,A3,WADD,,ID 7310,,BATIK AIR,Komersial
PK-BON,G IV,21:40,22:25,B3,WARR,SA11,CEO 54,,JETSET,CHARTER
PK-BON,G IV,22:35,,SA11,B3,,,,JETSET,CHARTER
PK-NMI,B 733,4:05,8:10,B10,WAAA,WAAA,,,AIRNESIA,cargo
PK-TVM,ATR 72,4:12,6:02,B6,HGR,WIDM,,,TRAVIRA,CHARTER
PK-YRD,B 733,4:15,7:37,B11,WIMM,WIOO,IL 702,IL 741,TRIGANA,cargo
PK-MBA,B 733,5:12,7:20,B12,WSSS,WALL,GM 019,GM 061,TRI MG,cargo
PK-JCO,PH 300,5:28,8:21,B13,HGR,WADD,,,PURAWISATA,CHARTER
T7-HKG,PH 300,5:30,9:37,B5,HGR,WIDM,,,PREMI,CHARTER
PK-LAF,A 320,6:12,7:28,B3,WARR,WIPP,ID 7508,ID 7053,BATIK AIR,Komersial
A39-007,A 330,3:50,7:15,BASE OPS,SA15,OBBI,,,GAPURA,CHARTER
PK-YST,B 733,7:32,8:54,B9,WALL,WIMM,IL 728D,IL 703,TRIGANA,cargo
PK-YSH,B 733,7:54,9:27,B12,WAMM,WAGG,IL 730,IL 713,TRIGANA,cargo
PK-LUI,A 320,8:02,9:22,B4,WIBB,WADD,ID 7066,ID 7309,BATIK AIR,Komersial
PK-LAO,A 320,8:12,8:57,B1,WIPP,WAHQ,ID 7056,ID 7041,BATIK AIR,Komersial
PK-LUH,A 320,8:56,9:43,A2,WARR,WARR,ID 7510,ID 7517,BATIK AIR,Komersial
PK-GQA,A 320,10:34,11:32,B1,WARR,WAHI,QG 0171,QG 0102,CITILINK,Komersial
PK-LAF,A 320,10:32,12:30,A3,WIPP,WARR,ID 7054,ID 7515,BATIK AIR,Komersial
PK-VVM,C 208,9:56,10:51,A0,WICC,WICC,SI 231,SI 230,SUSI AIR,Komersial
PK-LZH,A 320,11:00,11:44,A2,WARA,WARA,ID 7580,ID 7583,BATIK AIR,Komersial
PK-GLS,A 320,9:23,10:57,A2,WAHI,WIPP,QG 9103,QG 0088,CITILINK,Komersial
PK-GMX,B 738,11:37,12:42,B1,WIMM,WARR,GA 0181,GA 0330,GARUDA,Komersial
PK-LAO,A 320,11:43,12:37,B9,WAHQ,WAHI,ID 7040,ID 7539,BATIK AIR,Komersial
PK-GLU,A 320,12:17,13:07,A1,WIMN,WARA,QG 0021,QG 0164,CITILINK,Komersial
PK-MBA,B 733,12:10,21:35,B13,WALL,WIMM,GM 030,GM 171,TRI MG,cargo
PK-YRD,B 733,12:05,13:45,B12,WIOO,WAGG,IL 742,IL 7131,TRIGANA,cargo
T7-777,BBJ,11:51,14:05,B2,SA16,WSSL,,,JIP,CHARTER
PK-BON,G IV,11:49,13:21,B8,SA11,WSSL,,,JETSET,CHARTER
PK-GJT,ATR 72,12:05,19:22,RE04,A0,SA13,,,CITILINK,Komersial
PK-LUV,A 320,12:39,13:29,A2,WAHS,WIMM,ID 7556,ID 7011,BATIK AIR,Komersial
T7-808,G VI,12:31,14:32,B3,HGR,WSSL,,,,
PK-BKQ,A 320,13:17,14:28,B1,WARR,WIPP,ID 7516,ID 7051,BATIK AIR,Komersial
PK-LUI,A 320,13:34,14:45,B9,WADD,WIEE,ID 7308,ID 7109,BATIK AIR,Komersial
EP-IGA,A 340,13:08,14:15,B5,SA13,OIII,,IRAN 03,GAPURA,CHARTER
EP-IGA,A 340,13:08,14:15,B6,SA13,OIII,,IRAN 03,GAPURA,CHARTER
PK-LUH,A 320,13:44,14:48,A1,WARR,WARR,ID 7520,ID 7501,BATIK AIR,Komersial
PK-BVX,AVANTI,13:23,14:47,A0,WICN,WMKP,,,SUSI AIR,Komersial
PK-GLS,A 320,13:38,14:32,A2,WIPP,WARR,QG 0089,QG 0174,CITILINK,Komersial
PK-LUQ,A 320,14:04,14:52,A3,WAHQ,WAHS,ID 7532,ID 7559,BATIK AIR,Komersial
T7-X14,G VI,13:30,,SA02,RW01,,,,AFM,CHARTER
PK-YST,B 733,14:43,15:47,B11,WIMM,WIKK,IL 704,IL 715,TRIGANA,cargo
PK-GQA,A 320,14:44,16:13,B2,WAHI,WIMM,QG 0103,QG 0022,CITILINK,Komersial
PK-YSH,B 733,15:06,17:40,B12,WAGG,WALL,IL 714,IL 727,TRIGANA,cargo
PK-LZH,A 320,15:13,18:20,B7,WARA,WAHI,ID 7582,ID 7541,BATIK AIR,Komersial
N-939AP,GLEX,15:01,,SA11,RE05,,,,BIOMANTARA,CHARTER
PK-OTR,ATR 72,15:43,,SA03,RE01,,,,TAS,CHARTER
PK-NMI,B 733,15:20,,B10,WAAA,,,,AIRNESIA,cargo
PK-LAO,A 320,15:25,16:48,A2,WAHI,WIPP,ID 7538,ID 7059,BATIK AIR,Komersial
PK-LAF,A 320,16:36,17:42,A1,WARR,WADD,ID 7514,ID 7311,BATIK AIR,Komersial
PK-JCO,PH 300,16:52,17:27,B4,WADD,HGR,,,PTN,CHARTER
PK-GMX,B 738,16:44,18:16,B2,WARR,WIEE,GA 0331,GA 0166,GARUDA,Komersial
PK-GQL,A 320,16:57,17:54,A3,WADD,WADD,QG 0195,QG 0194,CITILINK,Komersial
PK-GLU,A 320,16:48,17:34,B1,WARA,WARR,QG 0165,QG 0172,CITILINK,Komersial
PK-RSS,EMB 135,17:00,,SA15,RE02,,,,PTN,CHARTER
PK-TVM,ATR 72,20:01,20:33,A2,WIDM,HGR,,,TRAVIRA,CHARTER
PK-LUQ,A 320,18:12,19:01,B6,WAHS,WIBB,ID 7558,ID 7065,BATIK AIR,Komersial
PK-YRD,B 733,18:24,21:11,B11,WAGG,WAAA,IL 7141,IL 723,TRIGANA,cargo
PK-BKQ,A 320,18:03,18:52,B8,WIPP,WARR,ID 7052,ID 7503,BATIK AIR,Komersial
PK-LAT,A 320,18:14,19:02,A1,WARR,WARR,ID 7512,ID 7519,BATIK AIR,Komersial
A-7309,B 738,17:15,,BASEOPS,WIMM,,IDAF 02,,TNI AU,Militer
PK-BKT,A 320,18:42,19:24,B1,WIMM,WIPP,ID 7010,ID 7055,BATIK AIR,Komersial
PK-LUI,A 320,18:56,19:46,B7,WIEE,WARR,ID 7108,ID 7521,BATIK AIR,Komersial
N-11UB,GLEX,19:08,19:56,B3,WSSL,SA16,,,PTN,CHARTER
T7-HKG,PH 300,18:47,19:36,B5,WIDM,HGR,,,PREMI,CHARTER
PK-CEO,HK 800,18:38,20:18,B4,WSSL,NSA10,,,JETSET,CHARTER
PK-PAH,ATR 72,18:53,,A3,RE03,,,,PELITA,CHARTER
PK-GFI,B 738,19:33,,B2,WIEE,,GA 0163,,GARUDA,Komersial
PK-LAO,A 320,19:45,,B8,WIPP,,ID 7058,,BATIK AIR,Komersial
PK-GJT,ATR 72,19:32,,SA13,RE04,,,,CITILINK,Komersial
N-11UB,GLEX,20:06,,SA16,B3,,,,PTN,CHARTER
PK-LUY,A 320,20:38,,A1,WADD,,ID 7310,,BATIK AIR,Komersial
PK-LZH,A 320,20:47,22:02,B7,WAHI,SA17,ID 7530,,BATIK AIR,Komersial
PK-GLU,A 320,20:59,,A2,WARR,,QG 0173,,CITILINK,Komersial
PK-CEO,HK 800,20:28,,NSA10,B4,,,,JETSET,CHARTER
PK-YST,B 733,21:22,22:39,B12,WIDN,WAAA,IL 718,IL 721,TRIGANA,cargo
PK-GQI,A 320,21:41,,B1,WIMM,,QG 0025,,CITILINK,Komersial
PK-BVX,AVANTI,21:46,22:13,B5,WMKP,NSA12,,,SUSI AIR,Komersial
PK-BKQ,A 320,22:09,,B9,WARR,,ID 7502,,BATIK AIR,Komersial
PK-LAT,A 320,22:14,22:54,B3,WARR,SA18,ID 7518,,BATIK AIR,Komersial
PK-LZH,A 320,22:12,,SA17,B7,,,,BATIK AIR,Komersial
PK-YSH,B 733,22:41,,B11,WALL,,IL 728,,TRIGANA,cargo
PK-BVX,AVANTI,22:23,,NSA12,B5,,,,SUSI AIR,Komersial
PK-LAT,A 320,23:04,,SA18,B3,,,,BATIK AIR,Komersial
VP-CLL,EMB 135,3:54,6:11,B4,SA14,WARA,,,KARISMA,CHARTER
PK-TVM,ATR 72,4:07,6:04,B3,HGR,WADB,,,TRAVIRA,CHARTER
PK-YST,B 733,4:24,8:30,B13,WAAA,WIKK,IL 722,IL 715,TRIGANA,cargo
PK-LAT,A 320,4:35,6:57,B7,SA13,WARA,-,ID 7581,BATIK AIR,Komersial
9H-VFF,CL 60,4:50,6:01,B5,VABB,SA13,,,BIOMANTARA,CHARTER
PK-MBA,B 733,5:02,5:59,B12,WSSS,WALL,GM 019,GM 061,TRI MG,cargo
PK-LZH,A 320,6:02,8:28,A3,SA17,WAHI,-,ID 7533,BATIK AIR,Komersial
9H-VFF,CL 60,6:11,,SA13,B5,,,,BIOMANTARA,CHARTER
PK-LUH,A 320,6:20,7:12,B1,WARR,WIPP,ID 7508,ID 7053,BATIK AIR,Komersial
PK-GFI,B 738,6:14,9:15,B2,RTA,B9,,,GARUDA,Komersial
PK-DJV,HK 900,6:46,8:18,B3,HGR,WSSL,,,KARISMA,CHARTER
PK-VVM,C 208,7:30,8:15,A0,WICN,WICN,SI 235,SI 234,SUSI AIR,Komersial
PK-LUQ,A 320,7:35,9:40,A2,WIBB,WAHS,ID 7066,ID 7557,BATIK AIR,Komersial
PK-YRD,B 733,8:00,9:18,B11,WAMM,WAGG,IL 730,IL 713,TRIGANA,cargo
N-2409K,HK 800,7:45,11:10,B5,NSA07,WALS,,,AFM,CHARTER
PK-BKT,A 320,8:08,8:55,B8,WIPP,WAHQ,ID 7056,ID 7041,BATIK AIR,Komersial
T7-HNA,G IV,8:00,8:28,B7,SA08,B4,,,AFM,CHARTER
T7-777,BBJ,8:28,9:35,B3,WSSL,SA08,,,JIP,CHARTER
PK-LAO,A 320,8:32,9:25,B7,WARR,WARR,ID 7510,ID 7517,BATIK AIR,Komersial
T7-HNA,G IV,8:30,11:10,B4,B7,WALS,,,AFM,CHARTER
PK-GFI,B 738,9:18,20:37,B9,B2,WIII,,GA 1631,GARUDA,Komersial
PK-GQI,A 320,9:22,10:48,B1,WARR,WAHI,QG 0175,QG 0102,CITILINK,Komersial
PK-GLR,A 320,9:50,10:50,A3,WARR,WIPP,QG 0171,QG 0088,CITILINK,Komersial
T7-777,BBJ,9:45,,SA08,B3,,,,JIP,CHARTER
PK-RJA,EMB 135,10:00,13:59,B3,HGR,WIII,,,PREMI,CHARTER
PK-LUH,A 320,10:08,10:55,B8,WIPP,SA14,ID 7054,,BATIK AIR,Komersial
PK-LAT,A 320,10:18,14:04,B7,WARA,WIEE,ID 7580,ID 7109,BATIK AIR,Komersial
PK-YSH,B 733,10:28,12:10,B11,WAOO,WAOO,IL 726,IL 7251,TRIGANA,cargo
PK-MBA,B 733,10:48,11:30,B13,WALL,SA17,GM 030,,TRI MG,cargo
PK-GLU,A 320,11:35,1232,B1,WIMN,WARA,QG 0021,QG 0164,CITILINK,Komersial
PK-LZH,A 320,11:25,12:25,A2,WAHI,WARR,ID 7540,ID 7515,BATIK AIR,Komersial
PK-LUH,A 320,11:05,,SA14,B8,,,,BATIK AIR,Komersial
PK-BKT,A 320,11:42,12:55,A3,WAHQ,WIPP,ID 7040,ID 7051,BATIK AIR,Komersial
PK-MBA,B 733,11:40,,SA17,B13,,,,TRI MG,cargo
N-977JH,CT 680,12:08,14:10,B4,WSSL,WAAA,,,JIP,CHARTER
PK-BKQ,A 320,12:13,13:40,A1,WARR,WIMM,ID 7516,ID 7011,BATIK AIR,Komersial
PK-LUQ,A 320,12:30,14:45,A2,WAHS,WADD,ID 7556,ID 7311,BATIK AIR,Komersial
PK-LAO,A 320,12:40,13:28,B1,WARR,WARR,ID 7520,ID 7501,BATIK AIR,Komersial
PK-GFW,B 738,12:38,13:38,B2,WIMM,WARR,GA 0181,GA 0330,GARUDA,Komersial
PK-LUY,A 320,13:28,14:25,A3,WADD,WAHS,ID 7308,ID 7559,BATIK AIR,Komersial
PK-GLR,A 320,14:05,14:42,B1,WIPP,WARR,QG 0089,QG 0174,CITILINK,Komersial
PK-YRD,B 733,14:20,16:24,B11,WAGG,WIOO,IL 714,IL 741,TRIGANA,cargo
PK-YST,B 733,14:25,17:30,B12,WIDN,HGR,IL 718,,TRIGANA,cargo
PK-GQI,A 320,14:32,15:54,B2,WAHI,WIMM,QG 0103,QG 0022,CITILINK,Komersial
PK-GJV,ATR 72,14:39,21:42,A1,WAHH,SA19,QG 1105,,CITILINK,Komersial
PK-GRD,BBJ 2,14:23,16:15,B7,SA07,BASEOPS,,,PTN,CHARTER
PK-DJV,HK 900,14:37,15:19,B4,WSSL,HGR,,,KARISMA,CHARTER
PK-RJA,EMB 135,15:11,15:33,B3,WIII,SA22,,,PREMI,CHARTER
PK-GLX,A320,15:48,16:37,B1,WADD,WADD,QG 0195,QG 0194,CITILINK,Komersial
PK-BKT,A 320,15:44,16:30,A3,WIPP,WARR,ID 7052,ID 7503,BATIK AIR,Komersial
PK-GLU,A 320,16:04,,B8,WARA,,QG 0165,,CITILINK,Komersial
PK-LZH,A 320,16:10,19:02,B10,WARR,WIPP,ID 7514,ID 7055,BATIK AIR,Komersial
PK-RJA,EMB 135,15:38,16:00,SA22,B3,HGR,,,PREMI,CHARTER
PK-LAO,A 320,16:55,,A3,WARR,,ID 7512,,BATIK AIR,Komersial
PK-PAH,ATR 72,16:26,,A2,WIDM,,IP 7301,,PELITA,CHARTER
PK-LUY,A 320,17:01,18:58,B3,WAHS,WIBB,ID 7558,ID 7065,BATIK AIR,Komersial
PK-GFW,B 738,17:21,18:56,B2,WARR,WIEE,GA 0331,GA 0166,GARUDA,Komersial
PK-YSH,B 733,1717,19:10,B13,WAOO,WAAA,IL 7261,IL 723,TRIGANA,cargo
PK-LAT,A 320,19:05,19:57,B1,WIEE,WARR,ID 7108,ID 7521,BATIK AIR,Komersial
PK-TVM,ATR 72,19:10,19:33,B3,WADB,HGR,,,TRAVIRA,CHARTER
PK-GNE,B 738,19:18,20:31,B5,WALS,WIII,GA 6350,GA 6361,GARUDA,Komersial
PK-LUV,A 320,19:27,22:09,B7,WIMM,A1,ID 7010,,BATIK AIR,Komersial
PK-GFD,B 738,19:43,,B2,WIEE,,GA 0163,,GARUDA,Komersial
N-2409K,HK 800,19:39,20:13,B4,WALS,NSA07,,,AFM,CHARTER
PK-BKT,A 320,19:48,,B10,WARR,,ID 7502,,BATIK AIR,Komersial
PK-LUQ,A 320,19:57,21:30,B6,WADD,SA07,ID 7310,,BATIK AIR,Komersial
PK-GRD,BBJ 2,16:25,18:51,BASEOPS,B7,VTBD,,INA01,PTN,CHARTER
PK-YRD,B 733,20:43,22:33,B11,WIOO,WIMM,IL 742,IL 701,TRIGANA,cargo
N-2409K,HK 800,20:23,,NSA07,B4,,,,AFM,CHARTER
VP-CTC,G 7500,21:05,22:24,B3,HGR,YMML,,,PREMI,CHARTER
PK-GQI,A 320,21:25,,B1,WIMM,,QG 0025,,CITILINK,Komersial
PK-GJV,ATR 72,21:52,,SA19,A1,,,,CITILINK,Komersial
PK-LUV,A 320,22:16,,A1,B7,,,,BATIK AIR,Komersial
PK-GJV,ATR 72,21:52,,SA19,A1,,,,CITILINK,Komersial
PK-LUQ,A 320,21:40,,SA07,B6,,,,BATIK AIR,Komersial
PK-YST,B 733,0:01,5:33,B13,HGR,WAAA,,IL 721,TRIGANA,cargo
PK-YRD,B 733,5:03,7:13,B11,WIMM,WALL,IL 702,IL 727,TRIGANA,cargo
PK-LUQ,A 320,6:38,9:30,B9,SA07,WAHS,,ID 7557,BATIK AIR,Komersial
PK-LUH,A 320,7:16,9:22,B7,SA14,WADD,,ID 7309,BATIK AIR,Komersial
PK-LUY,A 320,7:46,8:31,B1,WIBB,WAHI,ID 7066,ID 7533,BATIK AIR,Komersial
PK-YSH,B 733,7:55,9:44,B13,WAMM,WIOO,IL 730,IL 741,TRIGANA,cargo
PK-LZH,A 320,8:02,12:41,A2,WIPP,WAHQ,ID 7056,ID 7531,BATIK AIR,Komersial
PK-JCO,PH 300,8:23,10:10,B4,HGR,WADD,,,PURAWISATA,CHARTER
PK-BLA,A 320,8:48,9:30,B1,WARR,WARR,ID 7510,ID 7517,BATIK AIR,Komersial
9M-VEV,AVANTI,8:56,10:51,B3,NSA10,WMSA,,,JETSET,CHARTER
PK-GQK,A 320,9:52,10:45,B2,WARR,WAHI,QG 0171,QG 0102,CITILINK,Komersial
PK-BKT,A 320,10:16,11:13,A3,WARA,WARA,ID 7580,ID 7583,BATIK AIR,Komersial
N-198RL,G V,9:44,11:05,B7,HGR,WSSL,,,TRAVIRA,CHARTER
PK-GQI,A 320,11:47,12:51,B1,WIMN,WARA,QG 0021,QG 0164,CITILINK,Komersial
PK-GFD,B 738,11:51,12:46,B2,WIMM,WARR,GA 0181,GA 0330,GARUDA,Komersial
PK-YST,B 733,11:08,12:14,B13,WAAA,WAGG,IL 722,IL 713,TRIGANA,cargo
M-PTGG,FAL 8X,10:30,10:51,B4,WARD,WSSL,,,AFM,CHARTER
PK-LUV,A 320,11:35,13:01,A1,WAHQ,WIMM,ID 7040,ID 7011,BATIK AIR,Komersial
PK-LAO,A 320,11:59,12:54,B6,WARR,WIPP,ID 7516,ID 7051,BATIK AIR,Komersial
PK-LUV,A 320,11:40,12:29,A3,WAHI,WARR,ID 7540,ID 7515,BATIK AIR,Komersial
T7-777,BBJ,11:23,13:08,B3,SA08,WSSL,,,JIP,CHARTER
PK-LUQ,A 320,12:06,14:04,B7,WAHS,WIEE,ID 7556,ID 7109,BATIK AIR,Komersial
PK-YRD,B 733,12:48,16:04,B12,WALL,WIOO,IL 728,IL 743,TRIGANA,cargo
PK-BLA,A 320,12:58,13:46,A2,WARR,WARR,ID 7520,ID 7501,BATIK AIR,Komersial
9H-VFF,CL 60,13:15,14:57,B4,SA13,VABB,,VJT 120,BIOMANTARA,CHARTER
PK-YSH,B 733,13:23,15:48,B13,WIOO,WAOO,IL 742,IL 725,TRIGANA,cargo
PK-GQK,A 320,13:27,14:17,B2,WAHI,WAHI,QG 9103,QG 9102,CITILINK,Komersial
PK-LAF,A 320,13:46,16:16,B8,WADD,WIPP,ID 7308,ID 7059,BATIK AIR,Komersial
PK-GLU,A 320,13:49,14:36,B1,WIPP,WARR,QG 0089,QG 0174,CITILINK,Komersial
PK-JCO,PH 300,14:22,14:44,B3,WADD,HGR,,,PURAWISATA,CHARTER
PK-BKT,A 320,14:51,16:03,A3,WARA,WADD,ID 7582,ID 7311,BATIK AIR,Komersial
N-198RL,G V,14:59,15:25,B7,WSSL,HGR,,,TRAVIRA,CHARTER
PK-PAH,ATR 72,15:26,,A1,WIDM,,IP 7301,,PELITA,CHARTER
PK-LZH,A 320,15:17,16:00,A2,WAHQ,WAHS,ID 7532,ID 7559,BATIK AIR,Komersial
PK-VVO,C 208,15:11,15:49,A0,WICN,WICN,SI 205,SI 204,SUSI AIR,Komersial
PK-LAO,A 320,15:47,16:54,B1,WIPP,WARR,ID 7052,ID 7503,BATIK AIR,Komersial
PK-LUY,A 320,15:57,17:40,B2,WARR,WAHI,ID 7514,ID 7541,BATIK AIR,Komersial
PK-GQI,A 320,16:37,17:24,A3,WARA,WIMM,QG 0165,QG 0022,CITILINK,Komersial
PK-VVO,C 208,15:58,,A0,RTA,,,,SUSI AIR,Komersial
PK-GFD,B 738,16:41,17:36,B3,WARR,WIEE,GA 0331,GA 0166,GARUDA,Komersial
N-38SV,LJ 60,16:20,18:59,B4,NSA09,WIGG,,,BGS,CHARTER
PK-GQK,A 320,16:53,17:55,A2,WAHI,WARR,QG 0103,QG 0172,CITILINK,Komersial
PK-YST,B 733,17:05,21:00,B11,WAGG,WIMM,IL 714,IL 701,TRIGANA,cargo
PK-GQM,A 320,17:18,18:15,B1,WADD,WADD,QG 0195,QG 0194,CITILINK,Komersial
PK-BLA,A 320,17:24,18:22,B6,WARR,WARR,ID 7512,ID 7519,BATIK AIR,Komersial
PK-LUQ,A 320,18:14,18:24,A3,WIEE,WARR,ID 7108,ID 7521,BATIK AIR,Komersial
PK-LZH,A 320,18:17,19:03,A2,WAHS,WIBB,ID 7558,ID 7065,BATIK AIR,Komersial
PK-LUV,A 320,18:44,20:12,B1,WIMM,WIPP,ID 7010,ID 7055,BATIK AIR,Komersial
PK-LAF,A 320,19:23,,B8,WIPP,,ID 7058,,BATIK AIR,Komersial
PK-GFJ,B 738,19:49,,B2,WIEE,,GA 0163,,GARUDA,Komersial
T7-HNA,G IV,19:13,20:09,B5,WAHI,SA07,,,AFM,CHARTER
VP-CLL,EMB 135,19:43,20:21,B4,WARA,SA08,,,KARISMA,CHARTER
PK-LAO,A 320,20:00,21:45,B9,WARR,SA14,ID 7502,,BATIK AIR,Komersial
PK-LUY,A 320,20:45,21:35,B10,WAHI,SA13,ID 7530,,BATIK AIR,Komersial
PK-BKT,A 320,20:41,,B1,WADD,,ID 7310,,BATIK AIR,Komersial
T7-HNA,G IV,20:15,,SA07,B5,,,,AFM,CHARTER
T7-777,BBJ,20:37,22:00,B4,WSSL,SA17,,,JIP,CHARTER
PK-YSH,B 733,21:09,22:33,B13,WAOO,WAAA,IL 726,IL 723,TRIGANA,cargo
VP-CLL,EMB 135,20:28,,SA08,B4,,,,KARISMA,CHARTER
PK-GQK,A 320,21:40,,B7,WARR,,QG 0173,,CITILINK,Komersial
PK-BLA,A 320,21:50,,B3,WARR,,ID 7518,,BATIK AIR,Komersial
PK-GQI,A 320,22:40,,A3,WIMM,,QG 0025,,CITILINK,Komersial
N-38SV,LJ 60,22:22,23:15,B6,WIGG,NSA09,,,BGS,CHARTER
PK-LUY,A 320,21:40,,SA13,B10,,,,BATIK AIR,Komersial
PK-LAO,A 320,21:55,,SA14,B9,,,,BATIK AIR,Komersial
PK-GJT,ATR 72,21:40,,A2,SA19,,,,CITILINK,Komersial
T7-777,BBJ,22:08,,SA17,B4,,,,JIP,CHARTER
PK-BVX,AVANTI,22:15,,A0,NSA12,,,,SUSI AIR,Komersial
N-38SV,LJ 60,23:30,,NSA09,B6,,,,BGS,CHARTER
PK-YST,B 733,5:08,6:24,B11,WIMM,WAAA,IL 702,IL 721,TRIGANA,cargo
T7-777,BBJ,3:20,5:41,B4,SA17,WSSL,,,JIP,CHARTER
PK-LUQ,A 320,6:06,7:07,B9,WARR,WIPP,ID 7508,ID 7053,BATIK AIR,Komersial
PK-LAO,A 320,7:27,10:05,A2,SA14,WAHS,,ID 7557,BATIK AIR,Komersial
PK-YSH,B 733,7:47,9:30,B12,WAMM,WAGG,IL 730,IL 713,TRIGANA,cargo
PK-LUV,A 320,7:50,12:25,A3,WIPP,WARR,ID 7056,ID 7515,BATIK AIR,Komersial
PK-LZH,A 320,7:55,8:42,B1,WIBB,WARR,ID 7066,ID 7513,BATIK AIR,Komersial
PK-YRD,B 733,8:06,10:19,B13,WIOO,WIKK,IL 744,IL 715,TRIGANA,cargo
PK-BLA,A 320,8:57,9:40,A1,WARR,WARR,ID 7510,ID 7517,BATIK AIR,Komersial
PK-GJT,ATR 72,9:09,9:45,B3,WAHH,WAHH,QG 1101,QG 1104,CITILINK,Komersial
PK-VVO,C 208,8:36,9:35,A0,WICN,WICN,SI 235,SI 234,SUSI AIR,Komersial
PK-GQI,A 320,9:25,10:51,B2,WARR,WAHI,QG 0175,QG 0102,CITILINK,Komersial
PK-GTA,A 320,10:23,11:05,B1,WARR,WIPP,QG 0171,QG 0088,CITILINK,Komersial
PK-BVX,AVANTI,9:52,10:55,B6,WILL,NSA10,,,SUSI AIR,Komersial
PK-BKT,A 320,10:47,14:46,B8,WARA,WIEE,ID 7580,ID 7109,BATIK AIR,Komersial
PK-LUQ,A 320,10:37,11:15,A1,WIPP,WAHQ,ID 7054,ID 7531,BATIK AIR,Komersial
PK-LUY,A 320,10:14,11:29,B7,SA13,WARA,,ID 7583,BATIK AIR,Komersial
PK-GQK,A 320,11:42,12:28,B1,WIMN,WARA,QG 0021,QG 0164,CITILINK,Komersial
PK-GFJ,B 738,12:15,13:10,B2,WIMM,WARR,GA 0181,GA 0330,GARUDA,Komersial
PK-BVX,AVANTI,11:06,,NSA10,B6,,,,SUSI AIR,Komersial
PK-LZH,A 320,12:22,13:00,A1,WARR,WIPP,ID 7516,ID 7051,BATIK AIR,Komersial
T7-777,BBJ,12:05,13:09,B4,WSSL,SA04,,,JIP,CHARTER
PK-PAH,ATR 72,13:50,,A1,WIDM,,IP 7301,,PELITA,CHARTER
PK-YST,B 733,12:35,14:15,B13,WAAA,WAMM,IL 722,IL 729,TRIGANA,cargo
PK-LAO,A 320,12:51,13:25,A2,WAHS,,ID 7556,,BATIK AIR,Komersial
PK-GJT,ATR 72,13:21,13:55,A3,WAHH,WAHH,QG 1103,QG 1102,CITILINK,Komersial
PK-BLA,A 320,13:34,14:14,B1,WARR,WARR,ID 7520,ID 7501,BATIK AIR,Komersial
PK-VVO,C 208,12:22,12:28,A0,WICN,WICC,SI 205,SI 230,SUSI AIR,Komersial
PK-YSH,B 733,13:38,15:26,B12,WAGG,WAGG,IL 714,IL 7131,TRIGANA,cargo
PK-LAF,A 320,13:55,22:19,B9,WADD,SA19,ID 7308,,BATIK AIR,Komersial
PK-GTA,A 320,13:43,14:28,B2,WIPP,WARR,QG 0089,QG 0174,CITILINK,Komersial
T7-777,BBJ,13:19,,SA09,B4,,,,JIP,CHARTER
N-977JH,CT 680,13:16,14:10,B3,WAFD,NSA12,,,JIP,CHARTER
PK-LUQ,A 320,14:10,14:49,A2,WAHQ,WAHS,ID 7532,ID 7559,BATIK AIR,Komersial
PK-GQI,A 320,14:21,15:42,B7,WAHI,,QG 0103,,CITILINK,Komersial
N-977JH,CT 680,14:20,,NSA12,B3,,,,JIP,CHARTER
PK-LUY,A 320,15:44,16:30,A3,WARA,WADD,ID 7582,ID 7311,BATIK AIR,Komersial
PK-LZH,A 320,15:56,19:55,B8,WIPP,WIPP,ID 7052,ID 7055,BATIK AIR,Komersial
PK-LUV,A 320,16:09,16:54,B1,WARR,WAHI,ID 7514,ID 7541,BATIK AIR,Komersial
T7-HKG,PH 300,14:56,16:42,B3,HGR,WSSL,,,PREMI,CHARTER
PK-GQK,A 320,16:04,,A2,WARA,,QG 0165,,CITILINK,Komersial
PK-GFJ,B 738,16:42,17:34,B2,WARR,WIEE,GA 0331,GA 0166,GARUDA,Komersial
PK-GJT,ATR 72,16:52,,A3,WAHH,,QG 1105,,CITILINK,Komersial
PK-GQL,A 320,16:58,17:40,B4,WADD,WADD,QG 0195,QG 0194,CITILINK,Komersial
PK-YRD,B 733,16:46,,B12,WIDN,,IL 718,,TRIGANA,cargo
PK-BLA,A 320,18:03,18:48,B3,WARR,WARR,ID 7512,ID 7519,BATIK AIR,Komersial
PK-MBA,B 733,16:30,20:30,B13,SKATEK,WIMM,,GM 171,TRI MG,cargo
PK-LUQ,A 320,17:48,18:36,B1,WAHS,WIBB,ID 7558,ID 7065,BATIK AIR,Komersial
PK-BKQ,A 320,18:36,20:04,B4,WIMM,WARR,ID 7010,ID 7521,BATIK AIR,Komersial
PK-BKT,A 320,18:51,,B7,WIEE,,ID 7108,,BATIK AIR,Komersial
PK-GMY,B 738,20:03,,B2,WIEE,,GA 0163,,GARUDA,Komersial
PK-YSH,B 733,20:09,22:09,B11,WAGG,WAAA,IL 7141,IL 759,TRIGANA,cargo
PK-GRD,BBJ 2,19:25,21:15,BASEOPS,VTBD,,INA01,,PTN,CHARTER
PK-LUV,A 320,19:28,,B1,WAHI,,ID 7530,,BATIK AIR,Komersial
PK-LAT,A 320,21:04,,B8,WADD,,ID 7310,,BATIK AIR,Komersial
PK-BON,G IV,21:13,22:08,B4,WSSL,,CJS 54,,JETSET,CHARTER
PK-GRD,BBJ 2,21:25,,SA13,BASE OPS,,,,PTN,CHARTER
PK-GQI,A 320,21:30,,B6,WIMM,,QG 0025,,CITILINK,Komersial
PK-BLA,A 320,22:19,23:43,B10,WARR,SA20,ID 7518,,BATIK AIR,Komersial
PK-BON,G IV,22:18,,SA17,B4,,,,JETSET,CHARTER
PK-LAF,A 320,22:29,,SA19,B9,,,,BATIK AIR,Komersial
T7-A187,GLEX,22:32,,B5,HGR,,,,AFM,CHARTER
T7-187,EMB 135,22:51,,B4,HGR,,,,AFM,CHARTER
PK-JCO,PH 300,22:33,,B3,HGR,,,,PURAWISATA,CHARTER
PK-YST,B 733,22:48,,B13,WAEE,,IL 754,,TRIGANA,cargo
PK-BLA,A 320,23:53,,SA20,B10,,,,BATIK AIR,Komersial
PK-YSH,B 733,5:16,7:10,B11,WAAA,WIOO,IL 760,IL 741,TRIGANA,cargo
PK-MBA,B 733,5:27,6:27,B10,WSSS,WALL,GM 019,GM 061,TRI MG,cargo
PK-RJA,EMB 135,6:03,8:06,B3,HGR,WAFF,,,PREMI,CHARTER
PK-LUS,A 320,6:18,10:41,B9,WARR,WAHQ,ID 7508,ID 7531,BATIK AIR,Komersial
PK-BKT,A 320,7:10,9:16,B1,B7,WARR,-,ID 7517,BATIK AIR,Komersial
PK-LAF,A 320,7:30,9:08,B8,SA19,WADD,,ID 7309,BATIK AIR,Komersial
N-2409K,HK 800,7:45,10:21,B4,NSA07,WIDD,,,AFM,CHARTER
PK-LUQ,A 320,8:01,8:41,A3,WIBB,WARR,ID 7066,ID 7513,BATIK AIR,Komersial
PK-LZH,A 320,8:15,13:14,A2,WIPP,WIPP,ID 7056,ID 7051,BATIK AIR,Komersial
PK-VVH,C 208,9:01,9:33,A0,WICN,WICN,SI 235,SI 234,SUSI AIR,Komersial
PK-GJT,ATR 72,9:06,9:46,B2,WAHH,WAHH,QG 1101,QG 1104,CITILINK,Komersial
PK-LUV,A 320,8:40,9:46,A1,WARR,WAHS,ID 7510,ID 7557,BATIK AIR,Komersial
PK-GQI,A 320,9:15,10:45,A3,WARR,WAHI,QG 0175,QG 0102,CITILINK,Komersial
PK-BON,G IV,8:47,10:04,B5,SA17,WADD,,,JETSET,CHARTER
N-977JH,CT 680,9:07,9:29,B3,NSA12,WAOC,,,JIP,CHARTER
PK-BVX,AVANTI,9:09,9:50,A0,NSA10,WIKT,,,SUSI AIR,Komersial
PK-THT,ATR 42,9:39,10:15,B6,HGR,WIPP,,,,
PK-GLX,A 320,10:12,10:56,B1,WARR,WIPP,QG 0171,QG 0088,CITILINK,Komersial
PK-LAT,A 320,10:52,12:28,B8,WARA,WARR,ID 7580,ID 7515,BATIK AIR,Komersial
T7-808,G VI,11:30,11:48,B4,WALG,HGR,,,,
PK-MBA,B 733,11:42,21:21,B13,WALL,WIMM,GM 030,GM 171,TRI MG,cargo
PK-YST,B 733,11:49,12:40,B12,WAOO,WAOO,IL 726,IL 7251,TRIGANA,cargo
PK-GQK,A 320,12:04,12:46,A3,WIMN,WARA,QG 0021,QG 0164,CITILINK,Komersial
PK-GMY,B 738,12:21,13:06,B2,WIMM,WARR,GA 0181,GA 0330,GARUDA,Komersial
PK-YRD,B 733,12:28,13:51,B11,WIMM,WAGG,IL 702,IL 713,TRIGANA,cargo
PK-YSH,B 733,11:55,13:40,B10,WIOO,WIOO,IL 742,IL 743,TRIGANA,cargo
PK-LAJ,A 320,12:31,13:23,A1,WARR,WIMM,ID 7516,ID 7011,BATIK AIR,Komersial
PK-VVO,C 208,12:22,12:51,A0,WICN,WICN,SI 205,SI 204,SUSI AIR,Komersial
PK-GJT,ATR 72,12:50,13:34,B1,WAHH,WAHH,QG 1103,QG 1102,CITILINK,Komersial
PK-BVX,AVANTI,13:10,13:30,B7,WIKD,NSA07,,,SUSI AIR,Komersial
N-977JH,CT 680,13:13,15:49,B3,WAOC,WAOC,,,JIP,CHARTER
PK-LAF,A 320,13:33,22:37,B8,WADD,B1,ID 7308,,BATIK AIR,Komersial
T7-777,BBJ,12:56,15:36,B4,SA09,WAOC,,,JIP,CHARTER
PK-LUS,A 320,13:53,14:38,A2,WAHQ,WIEE,ID 7532,ID 7109,BATIK AIR,Komersial
PK-GLX,A 320,14:15,14:54,A3,WIPP,WARR,QG 0089,QG 0174,CITILINK,Komersial
PK-BVX,AVANTI,13:40,,NSA07,B7,,,,SUSI AIR,Komersial
PK-BON,G IV,13:41,14:00,B6,WADD,SA09,,,JETSET,CHARTER
PK-GQI,A 320,14:22,15:51,B1,WAHI,WIMM,QG 0103,QG 0022,CITILINK,Komersial
PK-LUR,A 320,14:11,14:54,B9,WAHS,SA21,ID 7556,,BATIK AIR,Komersial
PK-BLD,A 320,14:35,16:40,A1,WARR,WARR,ID 7520,ID 7503,BATIK AIR,Komersial
PK-BON,G IV,14:10,,SA09,B6,,,,JETSET,CHARTER
PK-PAH,ATR 72,16:36,,A2,WIDM,,IP 7301,,PELITA,CHARTER
PK-LUR,A 320,15:04,22:44,SA21,B9,B8,,,BATIK AIR,Komersial
PK-LAT,A 320,16:02,16:43,A3,WARR,WAHI,ID 7514,ID 7541,BATIK AIR,Komersial
PK-GQK,A 320,16:18,17:16,B9,WARA,A3,QG 0165,,CITILINK,Komersial
PK-GQN,A 320,16:12,16:57,B1,WADD,WADD,QG 0195,QG 0194,CITILINK,Komersial
PK-GJT,ATR 72,16:33,17:37,B7,WAHH,A1,QG 1105,,CITILINK,Komersial
PK-LZH,A 320,16:23,18:40,B6,WIPP,WIBB,ID 7052,ID 7065,BATIK AIR,Komersial
T7-GBS,EMB 135,17:22,18:26,B10,WSSL,SA19,,,KARISMA,CHARTER
PK-THT,ATR 42,16:49,17:00,B5,WIPP,HGR,,,IAT,CHARTER
PK-GMY,B 738,17:19,18:12,B2,WARR,WIEE,GA 0331,GA 0166,GARUDA,Komersial
N-61WX,G VI,17:35,18:09,B4,OMSJ,SA17,,,KARISMA,CHARTER
PK-YST,B 733,18:10,19:15,B12,WAOO,WALL,IL 7261,IL 727,TRIGANA,cargo
PK-YRD,B 733,18:09,21:06,B11,WAGG,WAAA,IL 714,IL 723,TRIGANA,cargo
PK-YSH,B 733,17:56,21:42,B9,WIOO,WAAA,IL 744,IL 721,TRIGANA,cargo
PK-GQK,A 320,17:21,,A3,B9,,,,CITILINK,Komersial
PK-GJT,ATR 72,17:42,,A1,B7,,,,CITILINK,Komersial
PK-RJA,EMB 135,18:22,18:45,B3,WAML,HGR,,,PREMI,CHARTER
PK-LAO,A 320,18:45,19:56,B1,WIMM,WARR,ID 7010,ID 7521,BATIK AIR,Komersial
PK-LUS,A 320,18:59,19:56,B6,WIEE,WIPP,ID 7108,ID 7055,BATIK AIR,Komersial
N-61WX,G VI,18:19,,SA17,B4,,,,KARISMA,CHARTER
T7-GBS,EMB 135,18:36,,SA19,B10,,,,KARISMA,CHARTER
PK-JCO,PH 300,18:40,18:49,B4,WAEH,HGR,,,PURAWISATA,CHARTER
PK-LAT,A 320,19:45,,B7,WAHI,,ID 7530,,BATIK AIR,Komersial
PK-GFP,B 738,19:37,,B2,WIEE,,GA 0163,,GARUDA,Komersial
PK-LUQ,A 320,20:35,22:20,B1,WARR,B10,ID 7502,,BATIK AIR,Komersial
HB-JKQ,G VI,21:19,23:26,B6,ZBAA,SA13,,,SUBA AIR,CHARTER
T7-RSG,G V,21:38,22:14,B5,WSSL,SA22,,,KARISMA,CHARTER
PK-GQL,A 320,22:36,,B9,WIMM,,QG 0025,,CITILINK,Komersial
T7-777,BBJ,23:19,,B4,WAOC,SA21,,,JIP,CHARTER
N-977JH,CT 680,23:24,,B3,WAOC,NSA10,,,JIP,CHARTER
T7-RSG,G V,22:24,,SA22,B5,,,,KARISMA,CHARTER
PK-LUQ,A 320,22:23,,B10,B10,,,,BATIK AIR,Komersial
PK-LAF,A 320,22:40,,B1,B8,,,,BATIK AIR,Komersial
PK-LUR,A 320,22:54,,B8,SA21,,,,BATIK AIR,Komersial
PK-GRD,BBJ 2,22:49,,B13,SA13,,,,PTN,CHARTER
HB-JKQ,G VI,22:36,,SA13,B6,,,,SUBA AIR,CHARTER
N-977JH,CT 680,0:35,,NSA10,B3,,,,JIP,CHARTER
T7-777,BBJ,0:39,,SA21,B4,,,,JIP,CHARTER
PK-MBA,B 733,10:48,,B13,WALL,,GM 030,,TRI MG,cargo
PK-LUR,A 320,10:54,14:06,B4,WIPP,WARR,ID 7054,ID 7515,BATIK AIR,Komersial
N-2409K,HK 800,10:25,,NSA12,B4,,,,AFM,CHARTER
PK-VVO,C 208,10:59,13:09,A0,WICC,WICC,SI 231,SI 230,SUSI AIR,Komersial
PK-YRD,B 733,11:25,13:34,B12,WAGG,WIKK,IL 714,IL 715,TRIGANA,cargo
VP-CTC,G 7500,13:59,14:24,B3,YMML,HGR,,,PREMI,CHARTER
PK-BLA,A 320,12:48,13:29,A2,WARR,WIPP,ID 7516,ID 7051,BATIK AIR,Komersial
PK-LUJ,A 320,13:16,,B7,WARR,,ID 7520,,BATIK AIR,Komersial
PK-GJT,ATR 72,13:03,13:37,B2,WAHH,WAHH,QG 1103,QG 1102,CITILINK,Komersial
PK-LUS,A 320,13:42,14:43,A1,WADD,WIEE,ID 7308,ID 7109,BATIK AIR,Komersial
PK-LUW,A 320,13:24,14:09,A3,WAHS,WIMM,ID 7556,ID 7011,BATIK AIR,Komersial
PK-TFS,EMB 135,13:08,13:45,B6,HGR,WSSL,,,IAT,CHARTER
PK-BKT,A 320,13:49,14:37,B1,WAHQ,WAHS,ID 7532,ID 7559,BATIK AIR,Komersial
PK-YST,B 733,13:34,14:55,B11,WALL,WAGG,IL 7281,IL 7131,TRIGANA,cargo
PK-GTD,A 320,14:29,,B2,WIPP,WARR,QG 0089,QG 0174,CITILINK,Komersial
PK-GLT,A 320,14:16,,A2,WAHI,,QG 0103,,CITILINK,Komersial
PK-NMI,B 733,14:14,,B10,WIII,WIOO,,,AIRNESIA,cargo
PK-LUQ,A 320,14:51,,B9,WARA,,ID 7582,,BATIK AIR,Komersial
PK-YSH,B 733,,,B12,WAOO,,IL 726,,TRIGANA,cargo
PK-BON,G IV,14:23,15:09,B5,SA09,WSSL,,,JETSET,CHARTER
